chiave	testo_it	nota_contesto	en	fr	de	es	pt	ru	sq	ro	hi	pa	bn	sr	hr	tr	fa	ps	tl	pl	uk	zh	ar	ur
page_title	Conferma iscrizione	Titolo della pagina browser.	Confirm registration	Confirmer l'inscription	Registrierung bestätigen	Confirmar registro	Confirme o cadastro	Подтвердите регистрацию	Konfirmo regjistrimin	Confirmați înregistrarea	पंजीकरण की पुष्टि करें	ਰਜਿਸਟ੍ਰੇਸ਼ਨ ਦੀ ਪੁਸ਼ਟੀ ਕਰੋ	নিবন্ধন নিশ্চিত করুন	Потврдите регистрацију	Potvrdite registraciju	Kayıt işlemini onaylayın	تأیید ثبت نام	نوم لیکنه تایید کړئ	Kumpirmahin ang pagpaparehistro	Potwierdź rejestrację	Підтвердити реєстрацію	确认注册	تأكيد التسجيل	رجسٹریشن کی تصدیق کریں۔
language	Linguaggio	Etichetta del menu per scegliere la lingua.	Language	Langue	Sprache	Idioma	Linguagem	Язык	Gjuha	Limbă	भाषा	ਭਾਸ਼ਾ	ভাষা	Језик	Jezik	Dil	زبان	ژبه	Wika	Język	Мова	语言	لغة	زبان
school_kicker	Istituto scolastico	Testo sopra il nome della scuola.	Educational institution	établissement d'enseignement	Bildungseinrichtung	institución educativa	Instituição educacional	Образовательное учреждение	Institucion arsimor	Instituție de învățământ	शैक्षिक संस्था	ਵਿਦਿਅਕ ਸੰਸਥਾ	শিক্ষা প্রতিষ্ঠান	Образовна институција	Obrazovna ustanova	Eğitim kurumu	موسسه آموزشی	تعلیمي اداره	Institusyong pang-edukasyon	Placówka edukacyjna	Навчальний заклад	教育机构	مؤسسة تعليمية	تعلیمی ادارہ
school_year	Anno scolastico	Etichetta seguita dall'anno, esempio 2026-27.	School year	Année scolaire	Schuljahr	Año escolar	Ano letivo	Учебный год	Viti shkollor	Anul școlar	स्कूल वर्ष	ਸਕੂਲ ਸਾਲ	শিক্ষাবর্ষ	Школска година	Školska godina	Okul yılı	سال تحصیلی	د ښوونځي کال	Taon ng pag-aaral	Rok szkolny	Навчальний рік	学年	العام الدراسي	تعلیمی سال
main_title	Conferma dati iscrizione	Titolo principale della pagina.	Confirm registration data	Confirmer les données d'inscription	Registrierungsdaten bestätigen	Confirmar datos de registro	Confirme os dados de registro.	Подтвердите регистрационные данные.	Konfirmo të dhënat e regjistrimit	Confirmați datele de înregistrare	पंजीकरण डेटा की पुष्टि करें	ਰਜਿਸਟ੍ਰੇਸ਼ਨ ਡੇਟਾ ਦੀ ਪੁਸ਼ਟੀ ਕਰੋ	নিবন্ধনের তথ্য নিশ্চিত করুন	Потврдите податке о регистрацији	Potvrdite podatke za registraciju	Kayıt bilgilerini onaylayın	تأیید داده‌های ثبت‌نام	د نوم لیکنې معلومات تایید کړئ	Kumpirmahin ang datos ng pagpaparehistro	Potwierdź dane rejestracyjne	Підтвердьте реєстраційні дані	确认注册数据	تأكيد بيانات التسجيل	رجسٹریشن ڈیٹا کی تصدیق کریں۔
subtitle	Iscrizione al primo anno della scuola superiore	Sottotitolo. Non tradurre come scuola primaria o prima elementare.	Enrollment in the first year of high school	Inscription en première année du secondaire	Einschreibung ins erste Jahr der High School	Inscripción en el primer año de la escuela secundaria	Matrícula no primeiro ano do ensino médio	Зачисление в первый класс средней школы	Regjistrimi në vitin e parë të shkollës së mesme	Înscrierea în primul an de liceu	हाई स्कूल के पहले वर्ष में दाखिले के लिए आवेदन	ਹਾਈ ਸਕੂਲ ਦੇ ਪਹਿਲੇ ਸਾਲ ਵਿੱਚ ਦਾਖਲਾ	উচ্চ বিদ্যালয়ের প্রথম বর্ষে ভর্তি	Упис у прву годину средње школе	Upis u prvu godinu srednje škole	Lise birinci sınıfa kayıt	ثبت نام در سال اول دبیرستان	د لیسې په لومړي کال کې نوم لیکنه	Pagpapatala sa unang taon ng hayskul	Zapisy do pierwszej klasy liceum	Зарахування до першого курсу середньої школи	高中一年级入学	الالتحاق بالسنة الأولى من المدرسة الثانوية	ہائی اسکول کے پہلے سال میں اندراج
invalid_link	Link non valido, scaduto o pratica non disponibile.	Messaggio quando il link personale non funziona.	Invalid, expired link, or application unavailable.	Lien invalide ou expiré, ou application indisponible.	Ungültiger oder abgelaufener Link oder Anwendung nicht verfügbar.	Enlace inválido, caducado o aplicación no disponible.	Link inválido, expirado ou aplicativo indisponível.	Недействительная, устаревшая ссылка или недоступное приложение.	Lidhje e pavlefshme, e skaduar ose aplikacioni është i padisponueshëm.	Link invalid, expirat sau aplicație indisponibilă.	अमान्य, समाप्त हो चुका लिंक, या एप्लिकेशन अनुपलब्ध।	ਅਵੈਧ, ਮਿਆਦ ਪੁੱਗਿਆ ਲਿੰਕ, ਜਾਂ ਐਪਲੀਕੇਸ਼ਨ ਉਪਲਬਧ ਨਹੀਂ ਹੈ।	লিঙ্কটি অবৈধ বা মেয়াদোত্তীর্ণ, অথবা অ্যাপ্লিকেশনটি অনুপলব্ধ।	Неважећи, истекао линк или апликација није доступна.	Nevažeća, istekla poveznica ili aplikacija nije dostupna.	Geçersiz, süresi dolmuş bağlantı veya uygulama kullanılamıyor.	لینک نامعتبر، منقضی شده یا برنامه در دسترس نیست.	ناباوره، ختم شوی لینک، یا اپلیکیشن شتون نلري.	Hindi wasto, nag-expire na ang link, o hindi magagamit ang application.	Link nieprawidłowy, wygasły lub aplikacja niedostępna.	Недійсне, прострочене посилання або програма недоступна.	链接无效、已过期或应用程序不可用。	رابط غير صالح أو منتهي الصلاحية أو التطبيق غير متوفر.	غلط، میعاد ختم ہونے والا لنک، یا ایپلیکیشن دستیاب نہیں ہے۔
locked_notice	La conferma dati iscrizione è già stata inviata. Da questo link puoi consultare il riepilogo e i documenti caricati, ma non puoi più modificare la pratica.	Avviso per pratica già inviata.	The registration confirmation has already been sent. You can view the summary and uploaded documents from this link, but you can no longer make changes to your application.	La confirmation d'inscription a déjà été envoyée. Vous pouvez consulter le récapitulatif et les documents téléchargés via ce lien, mais vous ne pouvez plus modifier votre demande.	Die Registrierungsbestätigung wurde bereits versendet. Über diesen Link können Sie die Zusammenfassung und die hochgeladenen Dokumente einsehen, jedoch keine Änderungen mehr an Ihrer Bewerbung vornehmen.	Ya se ha enviado la confirmación de registro. Puede consultar el resumen y los documentos subidos desde este enlace, pero ya no podrá realizar cambios en su solicitud.	A confirmação de inscrição já foi enviada. Você pode visualizar o resumo e os documentos enviados por meio deste link, mas não poderá mais fazer alterações em sua inscrição.	Подтверждение регистрации уже отправлено. Вы можете просмотреть сводку и загруженные документы по этой ссылке, но вносить изменения в заявку больше нельзя.	Konfirmimi i regjistrimit është dërguar tashmë. Mund ta shikoni përmbledhjen dhe dokumentet e ngarkuara nga kjo lidhje, por nuk mund të bëni më ndryshime në aplikimin tuaj.	Confirmarea înregistrării a fost deja trimisă. Puteți vizualiza rezumatul și documentele încărcate accesând acest link, dar nu mai puteți face modificări la cererea dvs.	पंजीकरण की पुष्टि पहले ही भेज दी गई है। आप इस लिंक से सारांश और अपलोड किए गए दस्तावेज़ देख सकते हैं, लेकिन अब आप अपने आवेदन में कोई बदलाव नहीं कर सकते।	ਰਜਿਸਟ੍ਰੇਸ਼ਨ ਪੁਸ਼ਟੀਕਰਨ ਪਹਿਲਾਂ ਹੀ ਭੇਜਿਆ ਜਾ ਚੁੱਕਾ ਹੈ। ਤੁਸੀਂ ਇਸ ਲਿੰਕ ਤੋਂ ਸਾਰਾਂਸ਼ ਅਤੇ ਅੱਪਲੋਡ ਕੀਤੇ ਦਸਤਾਵੇਜ਼ ਦੇਖ ਸਕਦੇ ਹੋ, ਪਰ ਤੁਸੀਂ ਹੁਣ ਆਪਣੀ ਅਰਜ਼ੀ ਵਿੱਚ ਬਦਲਾਅ ਨਹੀਂ ਕਰ ਸਕਦੇ।	নিবন্ধনের নিশ্চিতকরণ বার্তা ইতিমধ্যে পাঠানো হয়েছে। আপনি এই লিঙ্ক থেকে সারসংক্ষেপ এবং আপলোড করা নথিগুলো দেখতে পারবেন, কিন্তু আপনার আবেদনে আর কোনো পরিবর্তন করতে পারবেন না।	Потврда регистрације је већ послата. Можете погледати резиме и отпремљене документе преко овог линка, али више не можете правити измене у својој пријави.	Potvrda o registraciji je već poslana. Sažetak i prenesene dokumente možete pregledati putem ove poveznice, ali više ne možete unositi promjene u svoju prijavu.	Kayıt onayı zaten gönderildi. Özet bilgileri ve yüklediğiniz belgeleri bu bağlantıdan görüntüleyebilirsiniz, ancak başvurunuzda artık değişiklik yapamazsınız.	تأیید ثبت نام قبلاً ارسال شده است. می‌توانید خلاصه و مدارک آپلود شده را از این لینک مشاهده کنید، اما دیگر نمی‌توانید در درخواست خود تغییراتی ایجاد کنید.	د نوم لیکنې تایید لا دمخه لیږل شوی دی. تاسو کولی شئ د دې لینک څخه لنډیز او اپلوډ شوي اسناد وګورئ، مګر تاسو نور نشئ کولی په خپل غوښتنلیک کې بدلونونه راولیږئ.	Naipadala na ang kumpirmasyon ng pagpaparehistro. Maaari mong tingnan ang buod at mga na-upload na dokumento mula sa link na ito, ngunit hindi ka na maaaring gumawa ng mga pagbabago sa iyong aplikasyon.	Potwierdzenie rejestracji zostało już wysłane. Pod tym linkiem możesz wyświetlić podsumowanie i przesłane dokumenty, ale nie możesz już wprowadzać zmian w swoim wniosku.	Підтвердження реєстрації вже надіслано. Ви можете переглянути короткий виклад та завантажені документи за цим посиланням, але більше не можете вносити зміни до своєї заявки.	注册确认函已发送。您可以通过此链接查看摘要和已上传的文件，但无法再对申请进行任何修改。	تم إرسال تأكيد التسجيل بالفعل. يمكنك الاطلاع على الملخص والمستندات المرفوعة من خلال هذا الرابط، ولكن لا يمكنك إجراء أي تغييرات على طلبك.	رجسٹریشن کی تصدیق پہلے ہی بھیج دی گئی ہے۔ آپ اس لنک سے خلاصہ اور اپ لوڈ کردہ دستاویزات دیکھ سکتے ہیں، لیکن آپ اپنی درخواست میں مزید تبدیلیاں نہیں کر سکتے۔
intro_notice	Verifica i dati anagrafici e aggiorna email e telefoni. Puoi salvare una bozza e rientrare da questo stesso link prima dell'invio definitivo.	Istruzione iniziale per la famiglia.	Verify your personal information and update your email and phone numbers. You can save a draft and return to it from this same link before finalizing the submission.	Veuillez vérifier vos informations personnelles et mettre à jour votre adresse courriel et votre numéro de téléphone. Vous pouvez enregistrer un brouillon et y revenir ultérieurement via ce même lien avant de finaliser votre demande.	Bitte überprüfen Sie Ihre persönlichen Daten und aktualisieren Sie Ihre E-Mail-Adresse und Telefonnummer. Sie können einen Entwurf speichern und über denselben Link darauf zurückgreifen, bevor Sie die Übermittlung abschließen.	Verifica tu información personal y actualiza tu correo electrónico y número de teléfono. Puedes guardar un borrador y retomarlo desde este mismo enlace antes de enviarlo definitivamente.	Verifique suas informações pessoais e atualize seu e-mail e número de telefone. Você pode salvar um rascunho e retornar a ele a partir deste mesmo link antes de finalizar o envio.	Проверьте свои личные данные и обновите адрес электронной почты и номера телефонов. Вы можете сохранить черновик и вернуться к нему по этой же ссылке перед окончательным оформлением.	Verifikoni informacionin tuaj personal dhe përditësoni emailin dhe numrat e telefonit. Mund të ruani një draft dhe t'i riktheheni atij nga e njëjta lidhje përpara se të finalizoni dorëzimin.	Verificați-vă informațiile personale și actualizați-vă adresa de e-mail și numerele de telefon. Puteți salva o schiță și reveni la ea prin intermediul aceluiași link înainte de a finaliza trimiterea.	अपनी व्यक्तिगत जानकारी सत्यापित करें और अपना ईमेल और फ़ोन नंबर अपडेट करें। आप एक ड्राफ़्ट सहेज सकते हैं और सबमिशन को अंतिम रूप देने से पहले इसी लिंक से उस पर वापस आ सकते हैं।	ਆਪਣੀ ਨਿੱਜੀ ਜਾਣਕਾਰੀ ਦੀ ਪੁਸ਼ਟੀ ਕਰੋ ਅਤੇ ਆਪਣੇ ਈਮੇਲ ਅਤੇ ਫ਼ੋਨ ਨੰਬਰਾਂ ਨੂੰ ਅੱਪਡੇਟ ਕਰੋ। ਤੁਸੀਂ ਇੱਕ ਡਰਾਫਟ ਸੁਰੱਖਿਅਤ ਕਰ ਸਕਦੇ ਹੋ ਅਤੇ ਸਬਮਿਸ਼ਨ ਨੂੰ ਅੰਤਿਮ ਰੂਪ ਦੇਣ ਤੋਂ ਪਹਿਲਾਂ ਇਸੇ ਲਿੰਕ ਤੋਂ ਇਸ 'ਤੇ ਵਾਪਸ ਜਾ ਸਕਦੇ ਹੋ।	আপনার ব্যক্তিগত তথ্য যাচাই করুন এবং আপনার ইমেল ও ফোন নম্বর আপডেট করুন। জমাটি চূড়ান্ত করার আগে আপনি একটি খসড়া সংরক্ষণ করতে এবং এই একই লিঙ্ক থেকে সেটিতে ফিরে আসতে পারেন।	Верификујте своје личне податке и ажурирајте имејл адресу и број телефона. Можете сачувати нацрт и вратити се на њега преко истог линка пре него што завршите слање.	Potvrdite svoje osobne podatke i ažurirajte svoju adresu e-pošte i brojeve telefona. Nacrt možete spremiti i vratiti mu se putem iste poveznice prije nego što dovršite slanje.	Kişisel bilgilerinizi doğrulayın ve e-posta adresinizi ve telefon numaralarınızı güncelleyin. Taslağı kaydedebilir ve gönderimi tamamlamadan önce aynı bağlantıdan geri dönebilirsiniz.	اطلاعات شخصی خود را تأیید کنید و ایمیل و شماره تلفن خود را به‌روزرسانی کنید. می‌توانید پیش‌نویس را ذخیره کنید و قبل از نهایی کردن ارسال، از همین لینک به آن مراجعه کنید.	خپل شخصي معلومات تایید کړئ او خپل بریښنالیک او د تلیفون شمیرې تازه کړئ. تاسو کولی شئ یوه مسوده خوندي کړئ او د سپارلو بشپړولو دمخه له همدې لینک څخه بیرته هغې ته ورشئ.	I-verify ang iyong personal na impormasyon at i-update ang iyong email at numero ng telepono. Maaari mong i-save ang isang draft at balikan ito mula sa parehong link na ito bago tapusin ang pagsusumite.	Zweryfikuj swoje dane osobowe i zaktualizuj adres e-mail oraz numer telefonu. Możesz zapisać wersję roboczą i powrócić do niej za pomocą tego samego linku przed sfinalizowaniem zgłoszenia.	Перевірте свою особисту інформацію та оновіть електронну пошту й номери телефонів. Ви можете зберегти чернетку та повернутися до неї за цим самим посиланням, перш ніж завершити надсилання.	请核实您的个人信息并更新您的电子邮件地址和电话号码。您可以在提交前保存草稿，并通过此链接返回继续编辑。	يرجى التحقق من معلوماتك الشخصية وتحديث بريدك الإلكتروني وأرقام هاتفك. يمكنك حفظ مسودة والعودة إليها من هذا الرابط نفسه قبل إتمام عملية الإرسال.	اپنی ذاتی معلومات کی تصدیق کریں اور اپنے ای میل اور فون نمبرز کو اپ ڈیٹ کریں۔ آپ ایک مسودہ محفوظ کر سکتے ہیں اور جمع کرانے کو حتمی شکل دینے سے پہلے اسی لنک سے اس پر واپس جا سکتے ہیں۔
student	Studente	Titolo sezione dati studente.	Student	Étudiant	Student	Alumno	Estudante	Студент	Student	Student	विद्यार्थी	ਵਿਦਿਆਰਥੀ	ছাত্র	Студент	Student	Öğrenci	دانشجو	زده کوونکی	Estudyante	Student	Студент	学生	طالب	طالب علم
confirm_data	Dati da confermare	Titolo sezione dati da controllare.	Data to be confirmed	Données à confirmer	Daten müssen noch bestätigt werden	Datos por confirmar	Dados a serem confirmados	Данные подлежат подтверждению.	Të dhënat që do të konfirmohen	Date care urmează să fie confirmate	डेटा की पुष्टि की जानी बाकी है	ਪੁਸ਼ਟੀ ਕੀਤੀ ਜਾਣ ਵਾਲੀ ਜਾਣਕਾਰੀ	তথ্য নিশ্চিত করা হবে	Подаци који треба да буду потврђени	Podaci koje treba potvrditi	Veriler teyit edilecek.	داده‌هایی که باید تأیید شوند	هغه معلومات چې باید تایید شي	Kukumpirmahin ang datos	Dane do potwierdzenia	Дані потребують підтвердження	数据待确认	البيانات قيد التأكيد	ڈیٹا کی تصدیق کی جائے۔
documents	Documenti	Titolo sezione documenti.	Documents	Documents	Unterlagen	Documentos	Documentos	Документы	Dokumente	Documente	दस्तावेज़	ਦਸਤਾਵੇਜ਼	নথি	Документи	Dokumenti	Belgeler	اسناد	اسناد	Mga Dokumento	Dokumenty	Документи	文件	وثائق	دستاویزات
surname	Cognome	Etichetta campo.	Surname	Nom de famille	Nachname	Apellido	Sobrenome	Фамилия	Mbiemri	Nume de familie	उपनाम	ਉਪਨਾਮ	পদবি	Презиме	Prezime	Soyadı	نام خانوادگی	نوم	Apelyido	Nazwisko	Прізвище	姓	اسم العائلة	کنیت
name	Nome	Etichetta campo.	Name	Nom	Name	Nombre	Nome	Имя	Emri	Nume	नाम	ਨਾਮ	নাম	Име	Ime	İsim	نام	نوم	Pangalan	Nazwa	Ім'я	姓名	اسم	نام
tax_code	Codice fiscale	Etichetta campo, codice fiscale italiano.	Tax ID code	Code d'identification fiscale	Steueridentifikationsnummer	Código de identificación fiscal	Código de identificação fiscal	Идентификационный номер налогоплательщика	Kodi i identifikimit tatimor	Cod de identificare fiscală	टैक्स आईडी कोड	ਟੈਕਸ ਆਈਡੀ ਕੋਡ	ট্যাক্স আইডি কোড	Порески идентификациони код	Porezni identifikacijski kod	Vergi Kimlik Kodu	کد شناسایی مالیاتی	د مالیې د پېژندپاڼې کوډ	Kodigo ng ID ng Buwis	Kod identyfikacji podatkowej	Ідентифікаційний код платника податків	税务识别号	رمز التعريف الضريبي	ٹیکس شناختی کوڈ
birth_date	Data di nascita	Etichetta campo.	Date of birth	Date de naissance	Geburtsdatum	Fecha de nacimiento	Data de nascimento	Дата рождения	Data e lindjes	Data nașterii	जन्म तिथि	ਜਨਮ ਤਾਰੀਖ	জন্ম তারিখ	Датум рођења	Datum rođenja	Doğum tarihi	تاریخ تولد	د زیږون نیټه	Petsa ng kapanganakan	Data urodzenia	Дата народження	出生日期	تاريخ الميلاد	تاریخ پیدائش
course	Indirizzo di studi	Etichetta campo, corso scelto alla scuola superiore.	Address of studies	Adresse des études	Adresse der Studien	Dirección de los estudios	Endereço dos estudos	Адрес обучения	Adresa e studimeve	Adresa studiilor	अध्ययन का पता	ਪੜ੍ਹਾਈ ਦਾ ਪਤਾ	অধ্যয়নের ঠিকানা	Адреса студија	Adresa studija	Çalışmaların adresi	آدرس مطالعات	د مطالعاتو پته	Address ng mga pag-aaral	Adres studiów	Адреса навчання	研究方向	عنوان الدراسة	مطالعہ کا پتہ
practice_status	Stato della pratica	Etichetta campo.	Status of the practice	État de la pratique	Status der Praxis	Estado de la práctica	Situação atual da prática	Состояние практики	Statusi i praktikës	Statutul practicii	अभ्यास की स्थिति	ਅਭਿਆਸ ਦੀ ਸਥਿਤੀ	অনুশীলনের অবস্থা	Статус праксе	Status prakse	Uygulamanın durumu	وضعیت تمرین	د عمل حالت	Katayuan ng pagsasanay	Status praktyki	Статус практики	该实践的现状	حالة الممارسة	مشق کی حیثیت
student_email	Email personale dello studente	Etichetta campo.	Student's personal email	Courriel personnel de l'étudiant	Persönliche E-Mail-Adresse des Studenten	Correo electrónico personal del estudiante	E-mail pessoal do aluno	Личная электронная почта студента	Email-i personal i studentit	Adresa de e-mail personală a studentului	छात्र का व्यक्तिगत ईमेल	ਵਿਦਿਆਰਥੀ ਦਾ ਨਿੱਜੀ ਈਮੇਲ	শিক্ষার্থীর ব্যক্তিগত ইমেইল	Лични имејл студента	Osobna e-pošta studenta	Öğrencinin kişisel e-postası	ایمیل شخصی دانشجو	د زده کونکي شخصي برېښنالیک	Personal na email ng estudyante	Prywatny adres e-mail ucznia	Особиста електронна адреса студента	学生的个人邮箱	البريد الإلكتروني الشخصي للطالب	طالب علم کا ذاتی ای میل
student_email_hint	Indicare solo una email personale dello studente. Non usare la mail della scuola media; se non disponibile lasciare vuoto.	Aiuto campo email studente.	Please provide only a personal student email address. Do not use the middle school email address; if not available, leave blank.	Veuillez indiquer uniquement une adresse courriel personnelle d'élève. N'utilisez pas l'adresse courriel du collège ; si vous ne la connaissez pas, laissez le champ vide.	Bitte geben Sie ausschließlich Ihre private Schüler-E-Mail-Adresse an. Verwenden Sie nicht die E-Mail-Adresse Ihrer Mittelschule; falls diese nicht verfügbar ist, lassen Sie das Feld leer.	Por favor, proporcione únicamente una dirección de correo electrónico personal de estudiante. No utilice la dirección de correo electrónico de la escuela secundaria; si no está disponible, deje el espacio en blanco.	Por favor, forneça apenas um endereço de e-mail pessoal de estudante. Não utilize o endereço de e-mail da escola; caso não o tenha, deixe em branco.	Пожалуйста, укажите только личный адрес электронной почты ученика. Не используйте адрес электронной почты средней школы; если он недоступен, оставьте поле пустым.	Ju lutemi të jepni vetëm një adresë email-i personale të studentit. Mos përdorni adresën e email-it të shkollës së mesme; nëse nuk është e disponueshme, lëreni bosh.	Vă rugăm să furnizați doar adresa de e-mail personală a elevului. Nu utilizați adresa de e-mail a școlii gimnaziale; dacă nu este disponibilă, lăsați câmpul necompletat.	कृपया केवल व्यक्तिगत छात्र ईमेल पता प्रदान करें। मिडिल स्कूल का ईमेल पता उपयोग न करें; यदि उपलब्ध न हो, तो इसे खाली छोड़ दें।	ਕਿਰਪਾ ਕਰਕੇ ਸਿਰਫ਼ ਇੱਕ ਨਿੱਜੀ ਵਿਦਿਆਰਥੀ ਈਮੇਲ ਪਤਾ ਪ੍ਰਦਾਨ ਕਰੋ। ਮਿਡਲ ਸਕੂਲ ਈਮੇਲ ਪਤਾ ਨਾ ਵਰਤੋ; ਜੇਕਰ ਉਪਲਬਧ ਨਹੀਂ ਹੈ, ਤਾਂ ਖਾਲੀ ਛੱਡ ਦਿਓ।	অনুগ্রহ করে শুধুমাত্র আপনার ব্যক্তিগত শিক্ষার্থীর ইমেল ঠিকানা দিন। মিডল স্কুলের ইমেল ঠিকানা ব্যবহার করবেন না; সেটি উপলব্ধ না থাকলে, খালি রাখুন।	Молимо вас да наведете само личну имејл адресу ученика. Не користите имејл адресу основне школе; ако није доступна, оставите празно.	Molimo navedite samo osobnu adresu e-pošte učenika. Nemojte koristiti adresu e-pošte srednje škole; ako nije dostupna, ostavite prazno.	Lütfen yalnızca kişisel öğrenci e-posta adresinizi girin. Ortaokul e-posta adresinizi kullanmayın; mevcut değilse boş bırakın.	لطفاً فقط آدرس ایمیل شخصی دانش‌آموز را وارد کنید. از آدرس ایمیل مدرسه راهنمایی استفاده نکنید؛ اگر در دسترس نیست، خالی بگذارید.	مهرباني وکړئ یوازې د زده کونکي شخصي بریښنالیک پته ورکړئ. د منځني ښوونځي بریښنالیک پته مه کاروئ؛ که شتون ونلري، خالي پریږدئ.	Mangyaring magbigay lamang ng personal na email address ng estudyante. Huwag gamitin ang email address ng middle school; kung hindi available, iwanang blangko.	Proszę podać tylko prywatny adres e-mail ucznia. Nie należy używać adresu e-mail szkoły średniej; jeśli nie jest dostępny, należy pozostawić puste pole.	Будь ласка, вкажіть лише особисту адресу електронної пошти учня. Не використовуйте адресу електронної пошти середньої школи; якщо вона недоступна, залиште поле порожнім.	请仅提供学生个人邮箱地址。请勿使用中学邮箱地址；如无中学邮箱地址，请留空。	يرجى تقديم عنوان بريد إلكتروني شخصي خاص بالطالب فقط. لا تستخدم عنوان البريد الإلكتروني الخاص بالمدرسة الإعدادية؛ إذا لم يكن متاحًا، اتركه فارغًا.	براہ کرم صرف طالب علم کا ذاتی ای میل پتہ فراہم کریں۔ مڈل اسکول کا ای میل پتہ استعمال نہ کریں؛ اگر دستیاب نہ ہو تو خالی چھوڑ دیں۔
student_phone	Telefono dello studente	Etichetta campo.	Student's phone number	Numéro de téléphone de l'étudiant	Telefonnummer des Studenten	Número de teléfono del estudiante	Número de telefone do aluno	Номер телефона студента	Numri i telefonit të studentit	Numărul de telefon al studentului	छात्र का फ़ोन नंबर	ਵਿਦਿਆਰਥੀ ਦਾ ਫ਼ੋਨ ਨੰਬਰ	ছাত্রের ফোন নম্বর	Број телефона студента	Broj telefona studenta	Öğrencinin telefon numarası	شماره تلفن دانشجو	د زده کونکي د تلیفون شمیره	Numero ng telepono ng estudyante	Numer telefonu ucznia	Номер телефону студента	学生的电话号码	رقم هاتف الطالب	طالب علم کا فون نمبر
responsible_1	Genitore o tutore numero 1.	Genitore o tutore numero 1.	Parent or guardian number 1.	Parent ou tuteur numéro 1.	Elternteil oder Erziehungsberechtigter Nummer 1.	Padre o tutor número 1.	Pai ou responsável número 1.	Родитель или опекун номер 1.	Prindi ose kujdestari numër 1.	Părintele sau tutorele numărul 1.	अभिभावक या संरक्षक संख्या 1.	ਮਾਪੇ ਜਾਂ ਸਰਪ੍ਰਸਤ ਨੰਬਰ 1।	পিতা-মাতা বা অভিভাবক নম্বর ১।	Родитељ или старатељ број 1.	Roditelj ili skrbnik broj 1.	Ebeveyn veya vasi numarası 1.	والد یا قیم شماره ۱.	د مور او پلار یا سرپرست شمېره ۱.	Magulang o tagapag-alaga numero 1.	Rodzic lub opiekun nr 1.	Батько або опікун номер 1.	家长或监护人编号 1。	الوالد أو الوصي رقم 1.	والدین یا سرپرست نمبر 1۔
responsible_2	Genitore o tutore numero 2.	Genitore o tutore numero 2.	Parent or guardian number 2.	Parent ou tuteur numéro 2.	Elternteil oder Erziehungsberechtigter Nummer 2.	Padre o tutor número 2.	Pai ou responsável número 2.	Родитель или опекун номер 2.	Numri i prindit ose kujdestarit 2.	Părintele sau tutorele numărul 2.	अभिभावक या संरक्षक संख्या 2.	ਮਾਪੇ ਜਾਂ ਸਰਪ੍ਰਸਤ ਨੰਬਰ 2।	পিতা-মাতা বা অভিভাবক নম্বর ২।	Родитељ или старатељ број 2.	Roditelj ili skrbnik broj 2.	İkinci ebeveyn veya vasi.	والد یا قیم شماره ۲.	د مور او پلار یا سرپرست شمېره ۲.	Magulang o tagapag-alaga numero 2.	Rodzic lub opiekun nr 2.	Батько або опікун номер 2.	家长或监护人编号 2。	الوالد أو الوصي رقم 2.	والدین یا سرپرست نمبر 2۔
resp_email	Email del genitore {n}	Usare {n} come numero 1 o 2. Non tradurre come frase con verbo "è".	Parent's email {n}	Courriel du parent {n}	E-Mail-Adresse des Elternteils {n}	Correo electrónico del padre/madre {n}	E-mail dos pais {n}	Электронная почта родителя {n}	Email-i i prindit {n}	Adresa de e-mail a părintelui {n}	अभिभावक का ईमेल {n}	ਮਾਤਾ-ਪਿਤਾ ਦਾ ਈਮੇਲ {n}	অভিভাবকের ইমেইল {n}	Имејл адреса родитеља {n}	E-pošta roditelja {n}	Ebeveynin e-postası {n}	ایمیل والدین {n}	د مور او پلار برېښنالیک {n}	Email ng magulang {n}	Adres e-mail rodzica {n}	Електронна адреса батьків {n}	家长邮箱 {n}	البريد الإلكتروني للوالدين {n}	والدین کا ای میل {n}
resp_phone	Telefono del genitore {n}	Usare {n} come numero 1 o 2. Non tradurre come frase con verbo "è".	Parent's phone number {n}	Numéro de téléphone du parent {n}	Telefonnummer der Eltern {n}	Número de teléfono del padre/madre {n}	Número de telefone dos pais {n}	Номер телефона родителя {n}	Numri i telefonit të prindit {n}	Numărul de telefon al părintelui {n}	अभिभावक का फ़ोन नंबर {n}	ਮਾਤਾ-ਪਿਤਾ ਦਾ ਫ਼ੋਨ ਨੰਬਰ {n}	অভিভাবকের ফোন নম্বর {n}	Број телефона родитеља {n}	Broj telefona roditelja {n}	Ebeveynin telefon numarası {n}	شماره تلفن والدین {n}	د مور او پلار د تلیفون شمیره {n}	Numero ng telepono ng magulang {n}	Numer telefonu rodzica {n}	Номер телефону батьків {n}	父母的电话号码 {n}	رقم هاتف الوالدين {n}	والدین کا فون نمبر {n}
role_father	Padre	Ruolo del responsabile.	Father	Père	Vater	Padre	Pai	Отец	Babai	Tată	पिता	ਪਿਤਾ	বাবা	Отац	Otac	Baba	پدر	پلار	Ama	Ojciec	Батько	父亲	أب	باپ
role_mother	Madre	Ruolo del responsabile.	Mother	Mère	Mutter	Madre	Mãe	Мать	Nënë	Mamă	माँ	ਮਾਂ	মা	Мајка	Majka	Anne	مادر	مور	Ina	Matka	Мати	母亲	الأم	ماں
role_parent	Genitore	Ruolo generico del responsabile.	Parent	Mère	Elternteil	Padre	Pais	Родитель	Prind	Mamă	माता-पिता	ਮਾਪੇ	অভিভাবক	Родитељ	Roditelj	Ebeveyn	والدین	مور او پلار	Magulang	Roślina mateczna	Батьківський	父母	أحد الوالدين	والدین
role_guardian	Tutore	Ruolo del responsabile legale.	Guardian	Tuteur	Wächter	Guardián	Guardião	Страж	Kujdestar	Tutore	अभिभावक	ਸਰਪ੍ਰਸਤ	অভিভাবক	Чувар	Čuvar	Muhafız	گاردین	ساتونکی	Tagapangalaga	Opiekun	Опікун	监护人	الجارديان	گارڈین
data_confirm_checkbox	Confermo che i dati indicati sono corretti o aggiornati.	Testo checkbox obbligatoria.	I confirm that the data provided is correct or up to date.	Je confirme que les données fournies sont correctes et à jour.	Ich bestätige, dass die angegebenen Daten korrekt und aktuell sind.	Confirmo que los datos proporcionados son correctos o están actualizados.	Confirmo que os dados fornecidos estão corretos e atualizados.	Подтверждаю, что предоставленные данные верны и актуальны.	Unë konfirmoj që të dhënat e dhëna janë të sakta ose të azhurnuara.	Confirm că datele furnizate sunt corecte sau actualizate.	मैं पुष्टि करता हूं कि प्रदान की गई जानकारी सही या अद्यतन है।	ਮੈਂ ਪੁਸ਼ਟੀ ਕਰਦਾ ਹਾਂ ਕਿ ਦਿੱਤਾ ਗਿਆ ਡੇਟਾ ਸਹੀ ਜਾਂ ਅੱਪ ਟੂ ਡੇਟ ਹੈ।	আমি নিশ্চিত করছি যে প্রদত্ত তথ্য সঠিক বা হালনাগাদ।	Потврђујем да су наведени подаци тачни или ажурни.	Potvrđujem da su navedeni podaci točni ili ažurni.	Verilen verilerin doğru ve güncel olduğunu onaylıyorum.	تأیید می‌کنم که داده‌های ارائه شده صحیح یا به‌روز هستند.	زه تاییدوم چې چمتو شوي معلومات سم یا تازه دي.	Kinukumpirma ko na ang ibinigay na datos ay tama o napapanahon.	Potwierdzam, że podane dane są prawidłowe i aktualne.	Я підтверджую, що надані дані є правильними або актуальними.	我确认所提供的数据正确且为最新数据。	أؤكد أن البيانات المقدمة صحيحة أو محدثة.	میں تصدیق کرتا ہوں کہ فراہم کردہ ڈیٹا درست یا تازہ ترین ہے۔
save_draft	Salva bozza	Pulsante.	Save draft	Enregistrer le brouillon	Entwurf speichern	Guardar borrador	Salvar rascunho	Сохранить черновик	Ruaj draftin	Salvați schița	मसौदा सेव करें	ਡਰਾਫਟ ਸੇਵ ਕਰੋ	খসড়া সংরক্ষণ করুন	Сачувај нацрт	Spremi skicu	Taslağı kaydet	ذخیره پیش نویس	مسوده خوندي کړئ	I-save ang draft	Zapisz wersję roboczą	Зберегти чернетку	保存草稿	حفظ المسودة	ڈرافٹ محفوظ کریں۔
save_documents	Salva e vai ai documenti	Pulsante.	Save and go to documents	Enregistrer et accéder aux documents	Speichern und zu den Dokumenten gehen	Guarda y ve a documentos.	Salvar e acessar os documentos	Сохраните и перейдите в папку «Документы».	Ruaj dhe shko te dokumentet	Salvați și accesați documentele	सहेजें और दस्तावेज़ों पर जाएं	ਸੇਵ ਕਰੋ ਅਤੇ ਦਸਤਾਵੇਜ਼ਾਂ 'ਤੇ ਜਾਓ	সংরক্ষণ করুন এবং নথিপত্রে যান	Сачувај и иди на документе	Spremi i idi na dokumente	Kaydedin ve belgelere gidin	ذخیره و رفتن به اسناد	خوندي کړئ او اسنادو ته لاړ شئ	I-save at pumunta sa mga dokumento	Zapisz i przejdź do dokumentów	Зберегти та перейти до документів	保存并转到文档	احفظ الملف وانتقل إلى المستندات	محفوظ کریں اور دستاویزات پر جائیں۔
docs_intro	Puoi caricare uno o più PDF già pronti oppure, da telefono, acquisire il documento come foto. Se servono più pagine, seleziona o scatta più foto: GestOre unisce tutto in un unico PDF multipagina.	Testo introduttivo sezione documenti.	You can upload one or more ready-made PDFs or, from your phone, scan the document as a photo. If you need more pages, select or take multiple photos: GestOre will combine everything into a single multi-page PDF.	Vous pouvez importer un ou plusieurs fichiers PDF préétablis ou, depuis votre téléphone, numériser le document comme une photo. Si vous avez besoin de plusieurs pages, sélectionnez ou prenez plusieurs photos : GestOre les combinera en un seul PDF multipage.	Sie können ein oder mehrere fertige PDFs hochladen oder das Dokument mit Ihrem Smartphone einscannen und fotografieren. Benötigen Sie mehr Seiten, wählen Sie mehrere Fotos aus oder machen Sie mehrere Aufnahmen: GestOre fügt alles zu einem einzigen mehrseitigen PDF zusammen.	Puedes subir uno o más archivos PDF ya preparados o escanear el documento desde tu teléfono como una foto. Si necesitas más páginas, selecciona o toma varias fotos: GestOre las combinará todas en un único PDF de varias páginas.	Você pode carregar um ou mais PDFs prontos ou, a partir do seu celular, digitalizar o documento como uma foto. Se precisar de mais páginas, selecione ou tire várias fotos: o GestOre combinará tudo em um único PDF com várias páginas.	Вы можете загрузить один или несколько готовых PDF-файлов или отсканировать документ с телефона как фотографию. Если вам нужно больше страниц, выберите или сделайте несколько фотографий: GestOre объединит все в один многостраничный PDF-файл.	Mund të ngarkoni një ose më shumë PDF të gatshme ose, nga telefoni juaj, ta skanoni dokumentin si foto. Nëse ju nevojiten më shumë faqe, zgjidhni ose bëni disa foto: GestOre do t'i kombinojë të gjitha në një PDF të vetëm me shumë faqe.	Puteți încărca unul sau mai multe fișiere PDF predefinite sau, de pe telefon, puteți scana documentul ca fotografie. Dacă aveți nevoie de mai multe pagini, selectați sau faceți mai multe fotografii: GestOre va combina totul într-un singur PDF cu mai multe pagini.	आप एक या अधिक तैयार PDF फ़ाइलें अपलोड कर सकते हैं या अपने फ़ोन से दस्तावेज़ को स्कैन करके फ़ोटो बना सकते हैं। यदि आपको अधिक पृष्ठों की आवश्यकता है, तो कई फ़ोटो चुनें या लें: GestOre उन सभी को मिलाकर एक बहु-पृष्ठीय PDF फ़ाइल बना देगा।	ਤੁਸੀਂ ਇੱਕ ਜਾਂ ਇੱਕ ਤੋਂ ਵੱਧ ਤਿਆਰ PDF ਅੱਪਲੋਡ ਕਰ ਸਕਦੇ ਹੋ ਜਾਂ, ਆਪਣੇ ਫ਼ੋਨ ਤੋਂ, ਦਸਤਾਵੇਜ਼ ਨੂੰ ਇੱਕ ਫੋਟੋ ਦੇ ਰੂਪ ਵਿੱਚ ਸਕੈਨ ਕਰ ਸਕਦੇ ਹੋ। ਜੇਕਰ ਤੁਹਾਨੂੰ ਹੋਰ ਪੰਨਿਆਂ ਦੀ ਲੋੜ ਹੈ, ਤਾਂ ਕਈ ਫੋਟੋਆਂ ਚੁਣੋ ਜਾਂ ਲਓ: GestOre ਹਰ ਚੀਜ਼ ਨੂੰ ਇੱਕ ਸਿੰਗਲ ਮਲਟੀ-ਪੇਜ PDF ਵਿੱਚ ਜੋੜ ਦੇਵੇਗਾ।	আপনি এক বা একাধিক তৈরি পিডিএফ আপলোড করতে পারেন অথবা আপনার ফোন থেকে ডকুমেন্টটি ছবি হিসেবে স্ক্যান করতে পারেন। আপনার যদি আরও পৃষ্ঠার প্রয়োজন হয়, তবে একাধিক ছবি নির্বাচন করুন বা তুলুন: GestOre সবকিছু একত্রিত করে একটি একক বহু-পৃষ্ঠার পিডিএফ তৈরি করবে।	Можете отпремити један или више готових PDF-ова или, са телефона, скенирати документ као фотографију. Ако вам је потребно више страница, изаберите или направите више фотографија: GestOre ће све спојити у један PDF са више страница.	Možete prenijeti jedan ili više gotovih PDF-ova ili skenirati dokument kao fotografiju s telefona. Ako vam treba više stranica, odaberite ili snimite više fotografija: GestOre će sve spojiti u jedan PDF s više stranica.	Hazır PDF dosyalarından birini veya birkaçını yükleyebilir veya telefonunuzdan belgeyi fotoğraf olarak tarayabilirsiniz. Daha fazla sayfaya ihtiyacınız varsa, birden fazla fotoğraf seçin veya çekin: GestOre her şeyi tek bir çok sayfalı PDF dosyasında birleştirecektir.	می‌توانید یک یا چند فایل PDF آماده را آپلود کنید یا از طریق تلفن خود، سند را به صورت عکس اسکن کنید. اگر به صفحات بیشتری نیاز دارید، چندین عکس انتخاب کنید یا بگیرید: GestOre همه چیز را در یک PDF چند صفحه‌ای ترکیب می‌کند.	تاسو کولی شئ یو یا څو چمتو شوي PDF فایلونه اپلوډ کړئ یا له خپل تلیفون څخه سند د عکس په توګه سکین کړئ. که تاسو ډیرو پاڼو ته اړتیا لرئ، ډیری عکسونه غوره کړئ یا واخلئ: GestOre به هرڅه په یو واحد څو پاڼو PDF کې سره یوځای کړي.	Maaari kang mag-upload ng isa o higit pang mga yari nang PDF o, mula sa iyong telepono, i-scan ang dokumento bilang isang larawan. Kung kailangan mo ng higit pang mga pahina, pumili o kumuha ng maraming larawan: Pagsasama-samahin ng GestOre ang lahat sa isang PDF na may maraming pahina.	Możesz przesłać jeden lub więcej gotowych plików PDF lub zeskanować dokument jako zdjęcie z telefonu. Jeśli potrzebujesz więcej stron, wybierz lub zrób kilka zdjęć: GestOre połączy wszystko w jeden wielostronicowy plik PDF.	Ви можете завантажити один або кілька готових PDF-файлів або відсканувати документ як фотографію зі свого телефону. Якщо вам потрібно більше сторінок, виберіть або зробіть кілька фотографій: GestOre об’єднає все в один багатосторінковий PDF-файл.	您可以上传一个或多个现成的 PDF 文件，或者用手机扫描文档并拍照。如果需要更多页面，请选择或拍摄多张照片：GestOre 会将所有内容合并成一个多页 PDF 文件。	يمكنك تحميل ملف PDF واحد أو أكثر جاهزًا، أو مسح المستند ضوئيًا كصورة من هاتفك. إذا كنت بحاجة إلى صفحات إضافية، فحدد أو التقط صورًا متعددة: سيقوم GestOre بدمجها جميعًا في ملف PDF واحد متعدد الصفحات.	آپ ایک یا زیادہ ریڈی میڈ پی ڈی ایف اپ لوڈ کر سکتے ہیں یا، اپنے فون سے، دستاویز کو بطور تصویر اسکین کر سکتے ہیں۔ اگر آپ کو مزید صفحات کی ضرورت ہے، تو متعدد تصاویر منتخب کریں یا لیں: GestOre ہر چیز کو ایک کثیر صفحاتی PDF میں یکجا کر دے گا۔
docs_photo_help	Le foto devono essere chiare, dritte e leggibili. Prima di caricare puoi eliminare una foto venuta male; dopo il caricamento puoi cancellare il documento e rifarlo.	Aiuto per foto dei documenti.	Photos must be clear, straight, and legible. You can delete a bad photo before uploading; after uploading, you can delete the document and re-do it.	Les photos doivent être nettes, droites et lisibles. Vous pouvez supprimer une photo de mauvaise qualité avant de la télécharger ; après le téléchargement, vous pouvez supprimer le document et le refaire.	Fotos müssen scharf, gerade und gut lesbar sein. Sie können ein schlechtes Foto vor dem Hochladen löschen; nach dem Hochladen können Sie das Dokument löschen und neu hochladen.	Las fotos deben ser nítidas, rectas y legibles. Puedes borrar una foto de mala calidad antes de subirla; después de subirla, puedes borrar el documento y volver a hacerlo.	As fotos devem ser nítidas, retas e legíveis. Você pode excluir uma foto ruim antes de fazer o upload; depois de fazer o upload, você pode excluir o documento e refazê-lo.	Фотографии должны быть четкими, прямыми и разборчивыми. Некачественную фотографию можно удалить перед загрузкой; после загрузки можно удалить документ и загрузить его заново.	Fotot duhet të jenë të qarta, të drejta dhe të lexueshme. Mund ta fshini një foto të keqe përpara se ta ngarkoni; pasi ta ngarkoni, mund ta fshini dokumentin dhe ta bëni përsëri.	Fotografiile trebuie să fie clare, drepte și lizibile. Puteți șterge o fotografie proastă înainte de încărcare; după încărcare, puteți șterge documentul și reface procesul.	फ़ोटो साफ़, सीधी और पठनीय होनी चाहिए। अपलोड करने से पहले आप खराब फ़ोटो हटा सकते हैं; अपलोड करने के बाद, आप दस्तावेज़ को हटाकर दोबारा अपलोड कर सकते हैं।	ਫੋਟੋਆਂ ਸਾਫ਼, ਸਿੱਧੀਆਂ ਅਤੇ ਪੜ੍ਹਨਯੋਗ ਹੋਣੀਆਂ ਚਾਹੀਦੀਆਂ ਹਨ। ਤੁਸੀਂ ਅਪਲੋਡ ਕਰਨ ਤੋਂ ਪਹਿਲਾਂ ਇੱਕ ਮਾੜੀ ਫੋਟੋ ਨੂੰ ਮਿਟਾ ਸਕਦੇ ਹੋ; ਅਪਲੋਡ ਕਰਨ ਤੋਂ ਬਾਅਦ, ਤੁਸੀਂ ਦਸਤਾਵੇਜ਼ ਨੂੰ ਮਿਟਾ ਸਕਦੇ ਹੋ ਅਤੇ ਇਸਨੂੰ ਦੁਬਾਰਾ ਕਰ ਸਕਦੇ ਹੋ।	ছবি অবশ্যই স্পষ্ট, সোজা এবং পাঠযোগ্য হতে হবে। আপলোড করার আগে আপনি কোনো খারাপ ছবি মুছে ফেলতে পারেন; আপলোড করার পরে, আপনি ডকুমেন্টটি মুছে ফেলে আবার নতুন করে তৈরি করতে পারেন।	Фотографије морају бити јасне, праве и читљиве. Лошу фотографију можете обрисати пре отпремања; након отпремања можете обрисати документ и поново га отпремити.	Fotografije moraju biti jasne, ravne i čitljive. Lošu fotografiju možete izbrisati prije prijenosa; nakon prijenosa možete izbrisati dokument i ponovno ga napraviti.	Fotoğraflar net, düz ve okunaklı olmalıdır. Yüklemeden önce kötü bir fotoğrafı silebilirsiniz; yükledikten sonra belgeyi silip yeniden oluşturabilirsiniz.	عکس‌ها باید واضح، مستقیم و خوانا باشند. می‌توانید قبل از آپلود، عکس نامناسب را حذف کنید؛ پس از آپلود، می‌توانید سند را حذف کرده و دوباره آن را آپلود کنید.	عکسونه باید واضح، مستقیم او د لوستلو وړ وي. تاسو کولی شئ د اپلوډ کولو دمخه یو خراب عکس حذف کړئ؛ د اپلوډ کولو وروسته، تاسو کولی شئ سند حذف کړئ او بیا یې ترسره کړئ.	Dapat malinaw, diretso, at madaling maintindihan ang mga larawan. Maaari mong burahin ang isang hindi magandang larawan bago i-upload; pagkatapos mag-upload, maaari mong burahin ang dokumento at gawin itong muli.	Zdjęcia muszą być wyraźne, proste i czytelne. Możesz usunąć nieudane zdjęcie przed przesłaniem; po przesłaniu możesz usunąć dokument i zrobić to ponownie.	Фотографії мають бути чіткими, рівними та розбірливими. Ви можете видалити невдалу фотографію перед завантаженням; після завантаження ви можете видалити документ і зробити це знову.	照片必须清晰、笔直且可辨认。上传前可以删除不合适的照片；上传后可以删除文档并重新上传。	يجب أن تكون الصور واضحة ومستقيمة ومقروءة. يمكنك حذف الصورة غير الجيدة قبل تحميلها؛ وبعد التحميل، يمكنك حذف المستند وإعادة تحميله.	تصاویر واضح، سیدھی اور پڑھنے کے قابل ہونی چاہئیں۔ اپ لوڈ کرنے سے پہلے آپ خراب تصویر کو ڈیلیٹ کر سکتے ہیں۔ اپ لوڈ کرنے کے بعد، آپ دستاویز کو حذف کر سکتے ہیں اور اسے دوبارہ کر سکتے ہیں۔
privacy_notice	I documenti vengono raccolti solo per la gestione della pratica di iscrizione e per gli adempimenti scolastici collegati.	Avviso privacy breve.	Documents are collected only for the purpose of managing the enrollment process and related school requirements.	Les documents sont collectés uniquement dans le but de gérer le processus d'inscription et les exigences scolaires connexes.	Die Dokumente werden ausschließlich zum Zweck der Abwicklung des Einschreibungsprozesses und der damit verbundenen Schulanforderungen erhoben.	Los documentos se recopilan únicamente con el fin de gestionar el proceso de matriculación y los requisitos escolares relacionados.	Os documentos são coletados exclusivamente para fins de gestão do processo de matrícula e dos requisitos escolares relacionados.	Документы собираются исключительно с целью организации процесса зачисления и выполнения соответствующих требований учебного заведения.	Dokumentet mblidhen vetëm për qëllim të menaxhimit të procesit të regjistrimit dhe kërkesave përkatëse shkollore.	Documentele sunt colectate doar în scopul gestionării procesului de înscriere și a cerințelor școlare aferente.	दस्तावेजों को केवल नामांकन प्रक्रिया और संबंधित विद्यालय की आवश्यकताओं के प्रबंधन के उद्देश्य से ही एकत्र किया जाता है।	ਦਸਤਾਵੇਜ਼ ਸਿਰਫ਼ ਦਾਖਲਾ ਪ੍ਰਕਿਰਿਆ ਅਤੇ ਸੰਬੰਧਿਤ ਸਕੂਲ ਜ਼ਰੂਰਤਾਂ ਦੇ ਪ੍ਰਬੰਧਨ ਦੇ ਉਦੇਸ਼ ਲਈ ਇਕੱਠੇ ਕੀਤੇ ਜਾਂਦੇ ਹਨ।	শুধুমাত্র ভর্তি প্রক্রিয়া ব্যবস্থাপনা এবং বিদ্যালয়-সম্পর্কিত প্রয়োজনীয়তা পূরণের উদ্দেশ্যে নথিপত্র সংগ্রহ করা হয়।	Документи се прикупљају само у сврху управљања процесом уписа и повезаним школским захтевима.	Dokumenti se prikupljaju samo u svrhu upravljanja postupkom upisa i povezanim školskim zahtjevima.	Belgeler yalnızca kayıt sürecini ve ilgili okul gereksinimlerini yönetmek amacıyla toplanmaktadır.	مدارک فقط به منظور مدیریت فرآیند ثبت نام و الزامات مربوط به مدرسه جمع آوری می شوند.	اسناد یوازې د نوم لیکنې پروسې او د ښوونځي اړوند اړتیاو د مدیریت لپاره راټول شوي دي.	Ang mga dokumento ay kinokolekta lamang para sa layunin ng pamamahala ng proseso ng pagpapatala at mga kaugnay na kinakailangan sa paaralan.	Dokumenty są gromadzone wyłącznie w celu realizacji procesu rekrutacji i spełnienia wymagań szkoły.	Документи збираються лише з метою управління процесом зарахування та пов'язаних з ним вимог школи.	收集文件仅用于管理入学流程和相关学校要求。	يتم جمع المستندات فقط لغرض إدارة عملية التسجيل والمتطلبات المدرسية ذات الصلة.	دستاویزات صرف اندراج کے عمل اور متعلقہ اسکول کی ضروریات کو منظم کرنے کے مقصد کے لیے جمع کیے جاتے ہیں۔
privacy_link	Leggi l'informativa privacy sui documenti caricati	Link alla privacy.	Read the privacy policy on uploaded documents.	Veuillez lire la politique de confidentialité relative aux documents téléchargés.	Lesen Sie die Datenschutzbestimmungen für hochgeladene Dokumente.	Lea la política de privacidad de los documentos subidos.	Leia a política de privacidade sobre os documentos enviados.	Ознакомьтесь с политикой конфиденциальности загружаемых документов.	Lexoni politikën e privatësisë për dokumentet e ngarkuara.	Citiți politica de confidențialitate privind documentele încărcate.	अपलोड किए गए दस्तावेजों की गोपनीयता नीति पढ़ें।	ਅੱਪਲੋਡ ਕੀਤੇ ਦਸਤਾਵੇਜ਼ਾਂ 'ਤੇ ਗੋਪਨੀਯਤਾ ਨੀਤੀ ਪੜ੍ਹੋ।	আপলোড করা নথিগুলির গোপনীয়তা নীতি পড়ুন।	Прочитајте политику приватности за отпремљене документе.	Pročitajte pravila o privatnosti za prenesene dokumente.	Yüklediğiniz belgelerdeki gizlilik politikasını okuyun.	سیاست حفظ حریم خصوصی مربوط به اسناد آپلود شده را مطالعه کنید.	د پورته شویو اسنادو د محرمیت پالیسي ولولئ.	Basahin ang patakaran sa privacy para sa mga na-upload na dokumento.	Przeczytaj politykę prywatności dotyczącą przesłanych dokumentów.	Ознайомтеся з політикою конфіденційності щодо завантажених документів.	请阅读上传文档的隐私政策。	اقرأ سياسة الخصوصية الخاصة بالمستندات التي تم تحميلها.	اپ لوڈ کردہ دستاویزات پر رازداری کی پالیسی پڑھیں۔
optional_doc_hint	Facoltativo: da caricare solo se disponibile o se non già consegnato o versato al momento dell'iscrizione.	Nota per documenti facoltativi.	Optional: upload only if available or not already delivered or paid for at the time of registration.	Facultatif : à télécharger uniquement si disponible ou si le document n’a pas déjà été livré ou payé au moment de l’inscription.	Optional: Bitte nur hochladen, wenn die Ware verfügbar ist oder zum Zeitpunkt der Registrierung noch nicht geliefert oder bezahlt wurde.	Opcional: cárguelo solo si está disponible o si no se ha entregado o pagado ya en el momento de la inscripción.	Opcional: faça o upload somente se estiver disponível ou se ainda não tiver sido entregue ou pago no momento do cadastro.	Необязательно: загружайте только в том случае, если такая возможность есть или если она еще не была предоставлена ​​или оплачена на момент регистрации.	Opsionale: ngarkoni vetëm nëse është i disponueshëm ose nuk është dorëzuar ose paguar tashmë në kohën e regjistrimit.	Opțional: încărcați doar dacă este disponibil sau nu a fost deja livrat sau plătit în momentul înregistrării.	वैकल्पिक: केवल तभी अपलोड करें जब यह उपलब्ध हो या पंजीकरण के समय तक पहले से वितरित या भुगतान न किया गया हो।	ਵਿਕਲਪਿਕ: ਸਿਰਫ਼ ਤਾਂ ਹੀ ਅਪਲੋਡ ਕਰੋ ਜੇਕਰ ਉਪਲਬਧ ਹੋਵੇ ਜਾਂ ਰਜਿਸਟ੍ਰੇਸ਼ਨ ਦੇ ਸਮੇਂ ਪਹਿਲਾਂ ਹੀ ਡਿਲੀਵਰ ਜਾਂ ਭੁਗਤਾਨ ਨਾ ਕੀਤਾ ਗਿਆ ਹੋਵੇ।	ঐচ্ছিক: শুধুমাত্র তখনই আপলোড করুন, যদি তা উপলব্ধ থাকে অথবা নিবন্ধনের সময় ইতিমধ্যে সরবরাহ করা না হয়ে থাকে বা এর জন্য অর্থ পরিশোধ করা না হয়ে থাকে।	Опционо: отпремите само ако је доступно или није већ испоручено или плаћено у тренутку регистрације.	Neobavezno: prenesite samo ako je dostupno ili nije već isporučeno ili plaćeno u trenutku registracije.	İsteğe bağlı: Sadece mevcutsa veya kayıt sırasında henüz teslim edilmemiş veya ödemesi yapılmamışsa yükleyin.	اختیاری: فقط در صورتی آپلود کنید که موجود باشد یا در زمان ثبت نام تحویل داده نشده یا هزینه آن پرداخت نشده باشد.	اختیاري: یوازې هغه وخت اپلوډ کړئ که چیرې شتون ولري یا دمخه تحویل شوی نه وي یا د نوم لیکنې په وخت کې تادیه شوی نه وي.	Opsyonal: i-upload lamang kung available o hindi pa naihatid o nabayaran na sa oras ng pagpaparehistro.	Opcjonalnie: prześlij tylko te pliki, które są dostępne lub nie zostały dostarczone lub opłacone w momencie rejestracji.	Необов'язково: завантажуйте, лише якщо доступно або ще не доставлено чи не оплачено на момент реєстрації.	可选：仅当注册时商品可用、尚未交付或付款时才上传。	اختياري: التحميل فقط إذا كان متاحًا أو لم يتم تسليمه أو دفع ثمنه بالفعل وقت التسجيل.	اختیاری: صرف اس صورت میں اپ لوڈ کریں جب دستیاب ہو یا پہلے سے ڈیلیور نہ کیا گیا ہو یا رجسٹریشن کے وقت ادائیگی کی گئی ہو۔
not_uploaded	Non ancora caricato	Stato documento.	Not yet uploaded	Pas encore téléchargé	Noch nicht hochgeladen	Aún no se ha subido	Ainda não foi carregado	Ещё не загружено	Nuk është ngarkuar ende	Nu a fost încă încărcat	अभी तक अपलोड नहीं हुआ है	ਹਾਲੇ ਅੱਪਲੋਡ ਨਹੀਂ ਕੀਤਾ ਗਿਆ	এখনো আপলোড করা হয়নি	Још није отпремљено	Još nije preneseno	Henüz yüklenmedi	هنوز آپلود نشده	لا تر اوسه نه دی پورته شوی	Hindi pa na-upload	Jeszcze nie przesłano	Ще не завантажено	尚未上传。	لم يتم تحميلها بعد	ابھی تک اپ لوڈ نہیں ہوا۔
paper_delivery	Consegna cartacea in segreteria didattica	Stato documento quando la famiglia porta copia cartacea.	Paper delivery to the teaching office	Livraison de papier au bureau des enseignants	Papierzustellung im Lehrerbüro	Entrega de documentos a la oficina de enseñanza	Entrega de documentos ao gabinete do professor	Доставка документов в учебный кабинет	Dorëzimi i dokumenteve në zyrën e mësimdhënies	Livrarea lucrărilor la secretariatul didactic	शिक्षण कार्यालय में कागज़ों की डिलीवरी	ਅਧਿਆਪਨ ਦਫ਼ਤਰ ਨੂੰ ਕਾਗਜ਼ ਪਹੁੰਚਾਉਣਾ	শিক্ষক দপ্তরে কাগজপত্র জমা দেওয়া	Достава папира у наставничку канцеларију	Dostava papira u nastavničku kabinet	Evrakların öğretim ofisine teslimi	تحویل مقاله به دفتر آموزش	د تدریس دفتر ته د کاغذ رسول	Paghahatid ng papel sa opisina ng pagtuturo	Dostarczenie prac do sekretariatu dydaktycznego	Доставка паперів до кабінету вчителя	论文送至教学办公室	تسليم الأوراق إلى مكتب التدريس	ٹیچنگ آفس کو کاغذ کی ترسیل
paper_badge	Cartaceo	Badge breve.	Paper	Papier	Papier	Papel	Papel	Бумага	Letër	Hârtie	कागज़	ਕਾਗਜ਼	কাগজ	Папир	Papir	Kağıt	کاغذ	کاغذ	Papel	Papier	Папір	纸	ورق	کاغذ
uploaded_badge	Caricato	Badge breve.	Loaded	Chargé	Geladen	Cargado	Carregado	Загружено	I ngarkuar	Încărcat	लोड किया गया	ਲੋਡ ਕੀਤਾ ਗਿਆ	লোড করা হয়েছে	Учитано	Učitano	Yüklendi	بارگذاری شده	بار شوی	Na-load	Załadowany	Завантажено	已加载	تم التحميل	بھری ہوئی
missing_badge	Mancante	Badge breve.	Missing	Manquant	Fehlen	Desaparecido	Ausente	Отсутствующий	Mungon	Lipsește	गुम	ਗੁੰਮ ਹੈ	নিখোঁজ	Недостаје	Nedostaje	Eksik	مفقود	ورک دی	Nawawala	Zaginiony	Відсутній	丢失的	مفتقد	لاپتہ
view_pdf	Visualizza PDF caricato	Link documento.	View uploaded PDF	Voir le PDF téléchargé	Hochgeladene PDF-Datei ansehen	Ver el PDF subido	Visualizar PDF carregado	Просмотреть загруженный PDF-файл	Shiko PDF-në e ngarkuar	Vizualizați PDF-ul încărcat	अपलोड की गई पीडीएफ देखें	ਅੱਪਲੋਡ ਕੀਤੀ PDF ਵੇਖੋ	আপলোড করা পিডিএফ দেখুন	Погледајте отпремљени PDF	Prikaži preneseni PDF	Yüklenen PDF dosyasını görüntüle	مشاهده فایل PDF آپلود شده	پورته شوی PDF وګورئ	Tingnan ang na-upload na PDF	Wyświetl przesłany plik PDF	Переглянути завантажений PDF-файл	查看已上传的PDF文件	عرض ملف PDF المرفوع	اپ لوڈ کردہ پی ڈی ایف دیکھیں
choose_one	Scegli una sola possibilità:	Istruzione scelta documenti.	Choose only one option:	Choisissez une seule option :	Wählen Sie nur eine Option aus:	Elija solo una opción:	Escolha apenas uma opção:	Выберите только один вариант:	Zgjidhni vetëm një mundësi:	Alegeți o singură opțiune:	केवल एक विकल्प चुनें:	ਸਿਰਫ਼ ਇੱਕ ਵਿਕਲਪ ਚੁਣੋ:	শুধুমাত্র একটি বিকল্প বেছে নিন:	Изаберите само једну опцију:	Odaberite samo jednu opciju:	Lütfen yalnızca bir seçenek seçin:	فقط یک گزینه را انتخاب کنید:	یوازې یو انتخاب غوره کړئ:	Pumili lamang ng isang opsyon:	Wybierz tylko jedną opcję:	Виберіть лише один варіант:	请仅选择一项：	اختر خيارًا واحدًا فقط:	صرف ایک آپشن منتخب کریں:
choose_123	1, 2 oppure 3.	Seconda riga istruzione scelta documenti.	1, 2 or 3.	1, 2 ou 3.	1, 2 oder 3.	1, 2 o 3.	1, 2 ou 3.	1, 2 или 3.	1, 2 ose 3.	1, 2 sau 3.	1, 2 या 3.	1, 2 ਜਾਂ 3।	১, ২ অথবা ৩।	1, 2 или 3.	1, 2 ili 3.	1, 2 veya 3.	۱، ۲ یا ۳.	۱، ۲ یا ۳.	1, 2 o 3.	1, 2 lub 3.	1, 2 або 3.	1、2 或 3。	1 أو 2 أو 3.	1، 2 یا 3۔
choice_recorded	Scelta già registrata	Titolo box quando esiste già una scelta.	Choice already registered	Choix déjà enregistré	Choice ist bereits registriert	Opción ya registrada	Opção já registrada	Выбор уже зарегистрирован	Zgjedhja është regjistruar tashmë	Alegerea este deja înregistrată	विकल्प पहले से ही पंजीकृत है	ਚੋਣ ਪਹਿਲਾਂ ਹੀ ਰਜਿਸਟਰ ਕੀਤੀ ਹੋਈ ਹੈ	পছন্দটি ইতিমধ্যেই নিবন্ধিত হয়েছে	Избор је већ регистрован	Izbor je već registriran	Choice zaten kayıtlı.	انتخاب قبلاً ثبت شده است	انتخاب لا دمخه ثبت شوی	Nakarehistro na ang pagpipilian	Wybór już zarejestrowany	Вибір вже зареєстровано	已注册的选择	تم تسجيل الاختيار بالفعل	انتخاب پہلے سے رجسٹرڈ ہے۔
cancel_paper	Annulla scelta cartacea	Pulsante.	Cancel paper choice	Annuler le choix du papier	Papierauswahl stornieren	Cancelar la elección de papel	Cancelar opção de papel	Отменить выбор бумаги	Anulo zgjedhjen e letrës	Anulați alegerea hârtiei	पेपर विकल्प रद्द करें	ਪੇਪਰ ਦੀ ਚੋਣ ਰੱਦ ਕਰੋ	কাগজের পছন্দ বাতিল করুন	Откажи избор папира	Otkaži odabir papira	Kağıt seçimini iptal et	لغو انتخاب کاغذ	د کاغذ انتخاب لغوه کړئ	Kanselahin ang napiling papel	Anuluj wybór papieru	Скасувати вибір паперу	取消纸张选择	إلغاء اختيار الورق	کاغذ کا انتخاب منسوخ کریں۔
delete_pdf	Cancella PDF caricato	Pulsante.	Delete uploaded PDF	Supprimer le PDF téléchargé	Hochgeladene PDF-Datei löschen	Eliminar el PDF subido	Excluir PDF carregado	Удалить загруженный PDF-файл	Fshi PDF-në e ngarkuar	Ștergeți PDF-ul încărcat	अपलोड की गई पीडीएफ फाइल को हटा दें	ਅੱਪਲੋਡ ਕੀਤੀ PDF ਮਿਟਾਓ	আপলোড করা পিডিএফ মুছে ফেলুন	Обриши отпремљени PDF	Izbriši preneseni PDF	Yüklenen PDF dosyasını sil	حذف PDF آپلود شده	پورته شوی PDF ړنګ کړئ	Burahin ang na-upload na PDF	Usuń przesłany plik PDF	Видалити завантажений PDF-файл	删除已上传的PDF文件	حذف ملف PDF الذي تم تحميله	اپ لوڈ کردہ پی ڈی ایف کو حذف کریں۔
change_choice_hint	Se devi cambiare scelta, annulla prima quella registrata e poi scegli 1, 2 oppure 3.	Aiuto cambio scelta.	If you need to change your choice, first cancel the saved one and then choose 1, 2 or 3.	Si vous devez modifier votre choix, annulez d'abord celui enregistré, puis choisissez 1, 2 ou 3.	Falls Sie Ihre Auswahl ändern müssen, stornieren Sie zuerst die gespeicherte Auswahl und wählen Sie dann 1, 2 oder 3.	Si necesitas cambiar tu elección, primero cancela la guardada y luego elige 1, 2 o 3.	Se precisar alterar sua escolha, primeiro cancele a opção salva e depois escolha 1, 2 ou 3.	Если вам нужно изменить свой выбор, сначала отмените сохраненный, а затем выберите 1, 2 или 3.	Nëse duhet të ndryshoni zgjedhjen tuaj, së pari anuloni atë të ruajtur dhe më pas zgjidhni 1, 2 ose 3.	Dacă trebuie să vă schimbați alegerea, anulați mai întâi opțiunea salvată și apoi alegeți 1, 2 sau 3.	यदि आपको अपना विकल्प बदलना है, तो पहले सहेजे गए विकल्प को रद्द करें और फिर 1, 2 या 3 चुनें।	ਜੇਕਰ ਤੁਹਾਨੂੰ ਆਪਣੀ ਪਸੰਦ ਬਦਲਣ ਦੀ ਲੋੜ ਹੈ, ਤਾਂ ਪਹਿਲਾਂ ਸੇਵ ਕੀਤੀ ਗਈ ਚੋਣ ਨੂੰ ਰੱਦ ਕਰੋ ਅਤੇ ਫਿਰ 1, 2 ਜਾਂ 3 ਚੁਣੋ।	আপনার পছন্দ পরিবর্তন করতে চাইলে, প্রথমে সংরক্ষিত পছন্দটি বাতিল করুন এবং তারপর ১, ২ বা ৩ বেছে নিন।	Ако треба да промените свој избор, прво откажите сачувани избор, а затим изаберите 1, 2 или 3.	Ako trebate promijeniti svoj odabir, prvo poništite spremljeni, a zatim odaberite 1, 2 ili 3.	Seçiminizi değiştirmeniz gerekiyorsa, önce kaydedilmiş olanı iptal edin ve ardından 1, 2 veya 3'ü seçin.	اگر نیاز به تغییر انتخاب خود دارید، ابتدا مورد ذخیره شده را لغو کنید و سپس ۱، ۲ یا ۳ را انتخاب کنید.	که تاسو اړتیا لرئ چې خپله انتخاب بدل کړئ، لومړی خوندي شوی لغوه کړئ او بیا ۱، ۲ یا ۳ غوره کړئ.	Kung kailangan mong baguhin ang iyong pinili, kanselahin muna ang naka-save at pagkatapos ay piliin ang 1, 2 o 3.	Jeśli chcesz zmienić swój wybór, najpierw anuluj zapisany wybór, a następnie wybierz 1, 2 lub 3.	Якщо вам потрібно змінити свій вибір, спочатку скасуйте збережений варіант, а потім виберіть 1, 2 або 3.	如果您需要更改选择，请先取消已保存的选择，然后选择 1、2 或 3。	إذا كنت بحاجة إلى تغيير اختيارك، فقم أولاً بإلغاء الاختيار المحفوظ ثم اختر 1 أو 2 أو 3.	اگر آپ کو اپنی پسند کو تبدیل کرنے کی ضرورت ہے، تو پہلے محفوظ کردہ کو منسوخ کریں اور پھر 1، 2 یا 3 کا انتخاب کریں۔
already_uploaded	PDF già caricato	Titolo box.	PDF already uploaded	PDF déjà téléchargé	PDF bereits hochgeladen	El PDF ya se ha subido.	PDF já carregado	PDF-файл уже загружен.	PDF-ja është ngarkuar tashmë	PDF-ul a fost deja încărcat	पीडीएफ पहले ही अपलोड हो चुकी है	PDF ਪਹਿਲਾਂ ਹੀ ਅੱਪਲੋਡ ਕੀਤੀ ਜਾ ਚੁੱਕੀ ਹੈ।	পিডিএফ ইতিমধ্যে আপলোড করা হয়েছে।	ПДФ је већ отпремљен	PDF je već prenesen	PDF zaten yüklendi.	پی دی اف قبلاً آپلود شده است	PDF لا دمخه اپلوډ شوی دی	Na-upload na ang PDF	Plik PDF został już przesłany	PDF-файл уже завантажено	PDF文件已上传。	تم تحميل ملف PDF بالفعل	پی ڈی ایف پہلے ہی اپ لوڈ ہو چکی ہے۔
append_pdf	Aggiungi i nuovi file al PDF già caricato.	Opzione radio.	Add new files to the already uploaded PDF.	Ajouter de nouveaux fichiers au PDF déjà téléchargé.	Fügen Sie der bereits hochgeladenen PDF-Datei neue Dateien hinzu.	Agregue nuevos archivos al PDF ya subido.	Adicione novos arquivos ao PDF já carregado.	Добавьте новые файлы к уже загруженному PDF-файлу.	Shtoni skedarë të rinj në PDF-në e ngarkuar tashmë.	Adăugați fișiere noi la PDF-ul deja încărcat.	पहले से अपलोड की गई पीडीएफ फाइल में नई फाइलें जोड़ें।	ਪਹਿਲਾਂ ਹੀ ਅੱਪਲੋਡ ਕੀਤੀਆਂ PDF ਵਿੱਚ ਨਵੀਆਂ ਫਾਈਲਾਂ ਸ਼ਾਮਲ ਕਰੋ।	ইতিমধ্যে আপলোড করা PDF-এ নতুন ফাইল যোগ করুন।	Додајте нове датотеке већ отпремљеном ПДФ-у.	Dodajte nove datoteke već prenesenom PDF-u.	Yüklenmiş olan PDF dosyasına yeni dosyalar ekleyin.	فایل‌های جدید را به PDF آپلود شده قبلی اضافه کنید.	نوي فایلونه په هغه PDF کې اضافه کړئ چې دمخه اپلوډ شوي دي.	Magdagdag ng mga bagong file sa na-upload nang PDF.	Dodaj nowe pliki do już przesłanego pliku PDF.	Додайте нові файли до вже завантаженого PDF-файлу.	将新文件添加到已上传的 PDF 文件中。	أضف ملفات جديدة إلى ملف PDF الذي تم تحميله مسبقاً.	پہلے سے اپ لوڈ شدہ پی ڈی ایف میں نئی ​​فائلیں شامل کریں۔
replace_pdf	Sostituisci il PDF già caricato con i nuovi file.	Opzione radio.	Replace the already uploaded PDF with the new files.	Remplacez le PDF déjà téléchargé par les nouveaux fichiers.	Ersetzen Sie die bereits hochgeladene PDF-Datei durch die neuen Dateien.	Reemplaza el PDF ya subido con los nuevos archivos.	Substitua o PDF já carregado pelos novos arquivos.	Замените уже загруженные PDF-файлы новыми файлами.	Zëvendësoni PDF-në e ngarkuar tashmë me skedarët e rinj.	Înlocuiți PDF-ul deja încărcat cu noile fișiere.	पहले से अपलोड की गई पीडीएफ फाइलों को नई फाइलों से बदल दें।	ਪਹਿਲਾਂ ਤੋਂ ਅੱਪਲੋਡ ਕੀਤੀ PDF ਨੂੰ ਨਵੀਆਂ ਫਾਈਲਾਂ ਨਾਲ ਬਦਲੋ।	ইতিমধ্যে আপলোড করা পিডিএফ ফাইলটি নতুন ফাইলগুলো দিয়ে প্রতিস্থাপন করুন।	Замените већ отпремљени PDF новим датотекама.	Zamijenite već preneseni PDF novim datotekama.	Yüklenmiş olan PDF dosyasını yeni dosyalarla değiştirin.	فایل‌های PDF آپلود شده قبلی را با فایل‌های جدید جایگزین کنید.	هغه PDF چې مخکې اپلوډ شوی وي د نویو فایلونو سره بدل کړئ.	Palitan ang na-upload nang PDF ng mga bagong file.	Zastąp już przesłany plik PDF nowymi plikami.	Замініть уже завантажений PDF-файл новими файлами.	将已上传的PDF文件替换为新文件。	استبدل ملف PDF الذي تم تحميله مسبقًا بالملفات الجديدة.	پہلے سے اپ لوڈ شدہ پی ڈی ایف کو نئی فائلوں سے بدل دیں۔
choice_pdf	Carico un PDF già pronto	Scelta 1.	I upload a ready-made PDF	Je télécharge un PDF prêt à l'emploi	Ich lade eine fertige PDF-Datei hoch.	Subo un PDF ya preparado	Eu carrego um PDF pronto.	Я загружаю готовый PDF-файл.	Unë ngarkoj një PDF të gatshëm	Încarc un PDF gata făcut	मैं एक तैयार पीडीएफ फाइल अपलोड करता हूँ।	ਮੈਂ ਇੱਕ ਤਿਆਰ PDF ਅੱਪਲੋਡ ਕਰਦਾ ਹਾਂ।	আমি একটি তৈরি পিডিএফ আপলোড করি	Отпремам готов PDF	Prenosim gotov PDF	Hazır bir PDF dosyası yüklüyorum.	من یک فایل PDF آماده آپلود می‌کنم	زه یو چمتو شوی PDF اپلوډ کوم	Nag-upload ako ng handa nang PDF	Wgrywam gotowy plik PDF	Я завантажую готовий PDF-файл	我上传了一个现成的PDF文件。	أقوم بتحميل ملف PDF جاهز	میں ایک ریڈی میڈ پی ڈی ایف اپ لوڈ کرتا ہوں۔
add_pdf	Aggiungi PDF	Pulsante.	Add PDF	Ajouter un PDF	PDF hinzufügen	Agregar PDF	Adicionar PDF	Добавить PDF	Shto PDF	Adăugați PDF	पीडीएफ जोड़ें	PDF ਸ਼ਾਮਲ ਕਰੋ	পিডিএফ যোগ করুন	Додај ПДФ	Dodaj PDF	PDF ekle	اضافه کردن پی دی اف	PDF اضافه کړئ	Magdagdag ng PDF	Dodaj PDF	Додати PDF-файл	添加 PDF	إضافة ملف PDF	پی ڈی ایف شامل کریں۔
pdf_help	Usa questa scelta se hai già il documento in PDF. Puoi aggiungere anche più PDF: GestOre li unirà in un unico file finale.	Aiuto scelta PDF.	Use this option if you already have the document in PDF format. You can also add multiple PDFs: GestOre will merge them into a single final file.	Utilisez cette option si vous possédez déjà le document au format PDF. Vous pouvez également ajouter plusieurs fichiers PDF : GestOre les fusionnera en un seul fichier final.	Nutzen Sie diese Option, wenn Sie das Dokument bereits im PDF-Format haben. Sie können auch mehrere PDFs hinzufügen: GestOre führt diese zu einer einzigen Datei zusammen.	Utilice esta opción si ya tiene el documento en formato PDF. También puede añadir varios archivos PDF: GestOre los fusionará en un único archivo final.	Use esta opção se você já tiver o documento em formato PDF. Você também pode adicionar vários PDFs: o GestOre irá mesclá-los em um único arquivo final.	Используйте этот вариант, если у вас уже есть документ в формате PDF. Вы также можете добавить несколько PDF-файлов: GestOre объединит их в один итоговый файл.	Përdoreni këtë opsion nëse e keni tashmë dokumentin në formatin PDF. Mund të shtoni edhe disa PDF: GestOre do t'i bashkojë ato në një skedar të vetëm përfundimtar.	Folosește această opțiune dacă ai deja documentul în format PDF. De asemenea, poți adăuga mai multe fișiere PDF: GestOre le va îmbina într-un singur fișier final.	यदि आपके पास पहले से ही दस्तावेज़ PDF फॉर्मेट में है, तो इस विकल्प का उपयोग करें। आप एक से अधिक PDF फ़ाइलें भी जोड़ सकते हैं: GestOre उन्हें एक अंतिम फ़ाइल में मर्ज कर देगा।	ਜੇਕਰ ਤੁਹਾਡੇ ਕੋਲ ਪਹਿਲਾਂ ਹੀ PDF ਫਾਰਮੈਟ ਵਿੱਚ ਦਸਤਾਵੇਜ਼ ਹੈ ਤਾਂ ਇਸ ਵਿਕਲਪ ਦੀ ਵਰਤੋਂ ਕਰੋ। ਤੁਸੀਂ ਕਈ PDF ਵੀ ਜੋੜ ਸਕਦੇ ਹੋ: GestOre ਉਹਨਾਂ ਨੂੰ ਇੱਕ ਸਿੰਗਲ ਫਾਈਨਲ ਫਾਈਲ ਵਿੱਚ ਮਿਲਾ ਦੇਵੇਗਾ।	আপনার কাছে ডকুমেন্টটি আগে থেকেই পিডিএফ ফরম্যাটে থাকলে এই অপশনটি ব্যবহার করুন। আপনি একাধিক পিডিএফও যোগ করতে পারেন: GestOre সেগুলোকে একত্রিত করে একটি একক চূড়ান্ত ফাইলে পরিণত করবে।	Користите ову опцију ако већ имате документ у PDF формату. Такође можете додати више PDF-ова: GestOre ће их спојити у једну коначну датотеку.	Koristite ovu opciju ako već imate dokument u PDF formatu. Također možete dodati više PDF-ova: GestOre će ih spojiti u jednu konačnu datoteku.	Belgeniz zaten PDF formatındaysa bu seçeneği kullanın. Birden fazla PDF dosyası da ekleyebilirsiniz: GestOre bunları tek bir nihai dosyada birleştirecektir.	اگر از قبل سند را با فرمت PDF دارید، از این گزینه استفاده کنید. همچنین می‌توانید چندین PDF اضافه کنید: GestOre آنها را در یک فایل نهایی ادغام می‌کند.	که تاسو دمخه سند په PDF بڼه کې لرئ نو دا اختیار وکاروئ. تاسو کولی شئ ډیری PDFs هم اضافه کړئ: GestOre به دوی په یوه وروستي فایل کې مدغم کړي.	Gamitin ang opsyong ito kung mayroon ka nang dokumento sa format na PDF. Maaari ka ring magdagdag ng maraming PDF: Pagsasamahin ng GestOre ang mga ito sa isang pangwakas na file.	Użyj tej opcji, jeśli masz już dokument w formacie PDF. Możesz również dodać wiele plików PDF: GestOre połączy je w jeden plik końcowy.	Скористайтеся цією опцією, якщо у вас вже є документ у форматі PDF. Ви також можете додати кілька PDF-файлів: GestOre об’єднає їх в один кінцевий файл.	如果您已有 PDF 格式的文档，请使用此选项。您还可以添加多个 PDF 文件：GestOre 会将它们合并成一个最终文件。	استخدم هذا الخيار إذا كان لديك المستند بصيغة PDF. يمكنك أيضًا إضافة عدة ملفات PDF: سيقوم GestOre بدمجها في ملف واحد نهائي.	اگر آپ کے پاس پہلے سے پی ڈی ایف فارمیٹ میں دستاویز موجود ہے تو اس اختیار کو استعمال کریں۔ آپ متعدد PDFs بھی شامل کر سکتے ہیں: GestOre انہیں ایک ہی فائنل فائل میں ضم کر دے گا۔
choice_photo	Scatto una foto del documento	Scelta 2.	I take a photo of the document	Je prends une photo du document	Ich mache ein Foto von dem Dokument.	Le tomo una foto al documento.	Eu tiro uma foto do documento.	Я фотографирую документ.	Unë bëj një foto të dokumentit	Fac o fotografie a documentului	मैं दस्तावेज़ की एक तस्वीर लेता हूँ	ਮੈਂ ਦਸਤਾਵੇਜ਼ ਦੀ ਫੋਟੋ ਲੈਂਦਾ ਹਾਂ।	আমি নথিটির একটি ছবি তুলি।	Фотографишем документ	Fotografiram dokument	Belgenin fotoğrafını çekiyorum.	از سند عکس میگیرم	زه د سند عکس اخلم	Kumuha ako ng litrato ng dokumento	Robię zdjęcie dokumentu	Я фотографую документ	我拍下了这份文件的照片。	أقوم بتصوير المستند	میں دستاویز کی تصویر لیتا ہوں۔
take_photo	Scatta foto	Pulsante.	Take photos	Prenez des photos	Fotografieren	Toma fotos	Tire fotos	Фотографируйте	Bëni foto	Faceți fotografii	तस्वीरें लें	ਫੋਟੋਆਂ ਖਿੱਚੋ	ছবি তুলুন	Снимајте фотографије	Fotografirati	Fotoğraf çekin	عکس بگیرید	عکسونه واخلئ	Kumuha ng mga litrato	Rób zdjęcia	Зробіть фотографії	拍照	التقط الصور	فوٹو کھینچو
photo_help	Usa questa scelta se hai il documento su carta. Puoi fare una o più foto con il telefono; GestOre le trasformerà in PDF.	Aiuto scelta foto.	Use this option if you have the document on paper. You can take one or more photos with your phone; GestOre will convert them to PDF.	Utilisez cette option si vous possédez le document papier. Vous pouvez prendre une ou plusieurs photos avec votre téléphone ; GestOre les convertira en PDF.	Nutzen Sie diese Option, wenn Sie das Dokument in Papierform haben. Sie können mit Ihrem Smartphone ein oder mehrere Fotos davon aufnehmen; GestOre wandelt diese dann in eine PDF-Datei um.	Utilice esta opción si tiene el documento en papel. Puede tomar una o más fotos con su teléfono; GestOre las convertirá a PDF.	Use esta opção se você tiver o documento em papel. Você pode tirar uma ou mais fotos com seu celular; o GestOre as converterá para PDF.	Воспользуйтесь этой опцией, если документ находится в бумажном виде. Вы можете сделать одну или несколько фотографий на свой телефон; GestOre преобразует их в формат PDF.	Përdoreni këtë opsion nëse e keni dokumentin në letër. Mund të bëni një ose më shumë foto me telefonin tuaj; GestOre do t'i konvertojë ato në PDF.	Folosește această opțiune dacă ai documentul pe hârtie. Poți face una sau mai multe fotografii cu telefonul; GestOre le va converti în PDF.	यदि आपके पास दस्तावेज़ कागज़ पर है तो इस विकल्प का उपयोग करें। आप अपने फ़ोन से एक या अधिक फ़ोटो ले सकते हैं; गेस्टओर उन्हें पीडीएफ में परिवर्तित कर देगा।	ਜੇਕਰ ਤੁਹਾਡੇ ਕੋਲ ਕਾਗਜ਼ 'ਤੇ ਦਸਤਾਵੇਜ਼ ਹੈ ਤਾਂ ਇਸ ਵਿਕਲਪ ਦੀ ਵਰਤੋਂ ਕਰੋ। ਤੁਸੀਂ ਆਪਣੇ ਫ਼ੋਨ ਨਾਲ ਇੱਕ ਜਾਂ ਵੱਧ ਫੋਟੋਆਂ ਲੈ ਸਕਦੇ ਹੋ; GestOre ਉਹਨਾਂ ਨੂੰ PDF ਵਿੱਚ ਬਦਲ ਦੇਵੇਗਾ।	আপনার কাছে ডকুমেন্টটি কাগজে থাকলে এই অপশনটি ব্যবহার করুন। আপনি আপনার ফোন দিয়ে এক বা একাধিক ছবি তুলতে পারেন; GestOre সেগুলোকে PDF-এ রূপান্তর করবে।	Користите ову опцију ако имате документ на папиру. Можете да направите једну или више фотографија телефоном; GestOre ће их конвертовати у PDF.	Koristite ovu opciju ako dokument imate na papiru. Možete snimiti jednu ili više fotografija telefonom; GestOre će ih pretvoriti u PDF.	Belgeyi kağıt üzerinde bulunduruyorsanız bu seçeneği kullanın. Telefonunuzla bir veya daha fazla fotoğraf çekebilirsiniz; GestOre bunları PDF'ye dönüştürecektir.	اگر سند را روی کاغذ دارید، از این گزینه استفاده کنید. می‌توانید با گوشی خود یک یا چند عکس بگیرید؛ GestOre آنها را به PDF تبدیل می‌کند.	که تاسو سند په کاغذ باندې لرئ نو دا اختیار وکاروئ. تاسو کولی شئ د خپل تلیفون سره یو یا څو عکسونه واخلئ؛ ګیسټ اور به یې په PDF بدل کړي.	Gamitin ang opsyong ito kung nasa papel ang dokumento. Maaari kang kumuha ng isa o higit pang mga larawan gamit ang iyong telepono; iko-convert ng GestOre ang mga ito sa PDF.	Użyj tej opcji, jeśli masz dokument w wersji papierowej. Możesz zrobić jedno lub więcej zdjęć telefonem, a GestOre przekonwertuje je do formatu PDF.	Скористайтеся цією опцією, якщо у вас є документ на папері. Ви можете зробити одну або кілька фотографій за допомогою телефону; GestOre конвертує їх у PDF.	如果您有纸质文档，请使用此选项。您可以用手机拍摄一张或多张照片；GestOre 会将它们转换为 PDF 文件。	استخدم هذا الخيار إذا كان لديك المستند مطبوعًا على ورق. يمكنك التقاط صورة واحدة أو أكثر بهاتفك؛ وسيقوم GestOre بتحويلها إلى ملف PDF.	اگر آپ کے پاس کاغذ پر دستاویز ہے تو یہ اختیار استعمال کریں۔ آپ اپنے فون سے ایک یا زیادہ تصاویر لے سکتے ہیں۔ GestOre انہیں پی ڈی ایف میں تبدیل کر دے گا۔
choice_paper	Porto una fotocopia a scuola	Scelta 3.	I bring a photocopy to school	J'apporte une photocopie à l'école	Ich bringe eine Fotokopie mit in die Schule	Llevo una fotocopia a la escuela.	Eu levo uma fotocópia para a escola.	Я приношу в школу ксерокопию.	Unë sjell një fotokopje në shkollë	Aduc o fotocopie la școală	मैं स्कूल में एक फोटोकॉपी लेकर जाता हूँ।	ਮੈਂ ਸਕੂਲ ਇੱਕ ਫੋਟੋਕਾਪੀ ਲੈ ਕੇ ਆਉਂਦਾ ਹਾਂ।	আমি স্কুলে একটি ফটোকপি নিয়ে আসি।	Доносим фотокопију у школу	Nosim fotokopiju u školu	Okula fotokopi getiriyorum.	من یک کپی به مدرسه می‌آورم	زه ښوونځي ته یوه فوټوکاپي راوړم	Magdadala ako ng photocopy sa paaralan	Przynoszę kserokopię do szkoły	Я приношу ксерокопію до школи	我带了一份复印件去学校。	أحضر نسخة مصورة إلى المدرسة	میں اسکول میں فوٹو کاپی لاتا ہوں۔
paper_button	Consegno fotocopia in segreteria	Pulsante.	I deliver a photocopy to the secretary's office	Je remets une photocopie au secrétariat.	Ich bringe eine Fotokopie ins Sekretariat.	Entrego una fotocopia a la oficina de la secretaria.	Entrego uma fotocópia à secretaria.	Я передаю ксерокопию в канцелярию секретаря.	Unë e dorëzoj një fotokopje në zyrën e sekretarit	Predau o fotocopie la secretariat.	मैं सचिव के कार्यालय में एक फोटोकॉपी पहुंचाता हूँ।	ਮੈਂ ਸੈਕਟਰੀ ਦੇ ਦਫ਼ਤਰ ਵਿੱਚ ਇੱਕ ਫੋਟੋਕਾਪੀ ਪਹੁੰਚਾਉਂਦਾ ਹਾਂ।	আমি সচিবের অফিসে একটি ফটোকপি পৌঁছে দিই।	Достављам фотокопију у канцеларију секретарице	Dostavljam fotokopiju u ured tajnice	Sekreterin ofisine bir fotokopi teslim ediyorum.	یک کپی را به دفتر منشی تحویل می‌دهم	زه د منشي دفتر ته یوه کاپي ورکوم	Naghahatid ako ng photocopy sa opisina ng kalihim	Dostarczam kserokopię do sekretariatu	Я доставляю фотокопію до кабінету секретаря	我把复印件送到秘书办公室。	أقوم بتسليم نسخة مصورة إلى مكتب السكرتيرة	میں ایک فوٹو کاپی سیکرٹری کے دفتر میں پہنچاتا ہوں۔
paper_help	Usa questa scelta come alternativa al caricamento online. La segreteria saprà che consegnerai una copia cartacea.	Aiuto scelta cartacea.	Use this option as an alternative to online submission. The office will know you'll be submitting a paper copy.	Utilisez cette option comme alternative à la soumission en ligne. Le bureau saura ainsi que vous soumettrez une copie papier.	Nutzen Sie diese Option als Alternative zur Online-Einreichung. Das Büro weiß dann, dass Sie eine Papierkopie einreichen werden.	Utilice esta opción como alternativa al envío en línea. La oficina sabrá que usted enviará una copia en papel.	Utilize esta opção como alternativa ao envio online. O escritório saberá que você enviará uma cópia impressa.	Воспользуйтесь этим вариантом в качестве альтернативы онлайн-подаче. В офисе будут знать, что вы будете отправлять бумажную копию.	Përdoreni këtë opsion si një alternativë ndaj dorëzimit online. Zyra do të dijë që do të dorëzoni një kopje në letër.	Folosește această opțiune ca alternativă la depunerea online. Biroul va ști că vei depune o copie pe hârtie.	ऑनलाइन जमा करने के विकल्प के रूप में इस विकल्प का उपयोग करें। कार्यालय को पता चल जाएगा कि आप कागजी प्रति जमा कर रहे हैं।	ਇਸ ਵਿਕਲਪ ਨੂੰ ਔਨਲਾਈਨ ਜਮ੍ਹਾਂ ਕਰਨ ਦੇ ਵਿਕਲਪ ਵਜੋਂ ਵਰਤੋ। ਦਫ਼ਤਰ ਨੂੰ ਪਤਾ ਲੱਗੇਗਾ ਕਿ ਤੁਸੀਂ ਇੱਕ ਕਾਗਜ਼ੀ ਕਾਪੀ ਜਮ੍ਹਾਂ ਕਰਾਓਗੇ।	অনলাইনে জমা দেওয়ার বিকল্প হিসেবে এই পদ্ধতিটি ব্যবহার করুন। এতে অফিস জানতে পারবে যে আপনি কাগজের কপি জমা দেবেন।	Користите ову опцију као алтернативу онлајн подношењу. Канцеларија ће знати да ћете поднети папирну копију.	Koristite ovu opciju kao alternativu online podnošenju. Ured će znati da ćete podnijeti papirnatu kopiju.	Bu seçeneği çevrimiçi gönderime alternatif olarak kullanın. Ofis, kağıt kopya göndereceğinizi bilecektir.	از این گزینه به عنوان جایگزینی برای ارسال آنلاین استفاده کنید. دفتر متوجه خواهد شد که شما یک نسخه کاغذی ارسال خواهید کرد.	د آنلاین سپارلو د بدیل په توګه دا اختیار وکاروئ. دفتر به پوه شي چې تاسو به د کاغذ کاپي وسپارئ.	Gamitin ang opsyong ito bilang alternatibo sa online na pagsusumite. Malalaman ng opisina na magsusumite ka ng kopya sa papel.	Skorzystaj z tej opcji jako alternatywy dla złożenia wniosku online. Biuro będzie wiedziało, że złożysz wniosek w wersji papierowej.	Скористайтеся цим варіантом як альтернативою онлайн-подаванню. В офісі знатимуть, що ви подасте паперову копію.	您可以将此选项作为在线提交的替代方案。这样，办公室就会知道您将提交纸质副本。	استخدم هذا الخيار كبديل للتقديم عبر الإنترنت. سيعلم المكتب أنك ستقدم نسخة ورقية.	اس اختیار کو آن لائن جمع کرانے کے متبادل کے طور پر استعمال کریں۔ دفتر کو معلوم ہو جائے گا کہ آپ کاغذی کاپی جمع کرائیں گے۔
confirm_upload	Conferma caricamento online	Titolo box.	Confirm online upload	Confirmer le téléchargement en ligne	Online-Upload bestätigen	Confirmar la carga en línea	Confirme o envio online.	Подтвердите загрузку онлайн.	Konfirmo ngarkimin në internet	Confirmați încărcarea online	ऑनलाइन अपलोड की पुष्टि करें	ਔਨਲਾਈਨ ਅਪਲੋਡ ਦੀ ਪੁਸ਼ਟੀ ਕਰੋ	অনলাইন আপলোড নিশ্চিত করুন	Потврдите отпремање на мрежи	Potvrdite online prijenos	Çevrimiçi yüklemeyi onaylayın	تأیید آپلود آنلاین	آنلاین اپلوډ تایید کړئ	Kumpirmahin ang online na pag-upload	Potwierdź przesłanie online	Підтвердити онлайн-завантаження	确认在线上传	تأكيد التحميل عبر الإنترنت	آن لائن اپ لوڈ کی تصدیق کریں۔
upload_document	Carica documento	Pulsante.	Upload document	Téléverser un document	Dokument hochladen	Subir documento	Carregar documento	Загрузить документ	Ngarko dokumentin	Încărcați documentul	दस्तावेज़ अपलोड करें	ਦਸਤਾਵੇਜ਼ ਅੱਪਲੋਡ ਕਰੋ	নথি আপলোড করুন	Отпреми документ	Prenesi dokument	Belge yükle	بارگذاری سند	سند پورته کړئ	Mag-upload ng dokumento	Prześlij dokument	Завантажити документ	上传文档	تحميل المستند	دستاویز اپ لوڈ کریں۔
upload_help	Premi qui per salvare online i file che hai appena aggiunto.	Aiuto pulsante upload.	Click here to save the files you just added online.	Cliquez ici pour enregistrer en ligne les fichiers que vous venez d'ajouter.	Klicken Sie hier, um die soeben hinzugefügten Dateien online zu speichern.	Haz clic aquí para guardar los archivos que acabas de añadir en línea.	Clique aqui para salvar os arquivos que você acabou de adicionar online.	Нажмите здесь, чтобы сохранить файлы, которые вы только что добавили онлайн.	Klikoni këtu për të ruajtur skedarët që sapo keni shtuar në internet.	Faceți clic aici pentru a salva fișierele pe care tocmai le-ați adăugat online.	आपने अभी-अभी जो फाइलें ऑनलाइन जोड़ी हैं, उन्हें सेव करने के लिए यहां क्लिक करें।	ਤੁਹਾਡੇ ਵੱਲੋਂ ਹੁਣੇ ਔਨਲਾਈਨ ਜੋੜੀਆਂ ਗਈਆਂ ਫਾਈਲਾਂ ਨੂੰ ਸੇਵ ਕਰਨ ਲਈ ਇੱਥੇ ਕਲਿੱਕ ਕਰੋ।	এইমাত্র অনলাইনে যোগ করা ফাইলগুলো সংরক্ষণ করতে এখানে ক্লিক করুন।	Кликните овде да бисте сачували датотеке које сте управо додали на мрежу.	Kliknite ovdje za spremanje datoteka koje ste upravo dodali na mrežu.	Eklediğiniz dosyaları kaydetmek için buraya tıklayın.	برای ذخیره فایل‌هایی که به تازگی به صورت آنلاین اضافه کرده‌اید، اینجا کلیک کنید.	دلته کلیک وکړئ ترڅو هغه فایلونه خوندي کړئ چې تاسو یې آنلاین اضافه کړي دي.	Mag-click dito para i-save ang mga file na idinagdag mo lang online.	Kliknij tutaj, aby zapisać dodane właśnie pliki online.	Натисніть тут, щоб зберегти щойно додані файли онлайн.	点击这里在线保存您刚刚添加的文件。	انقر هنا لحفظ الملفات التي أضفتها للتو عبر الإنترنت.	آپ نے جو فائلیں ابھی آن لائن شامل کی ہیں ان کو محفوظ کرنے کے لیے یہاں کلک کریں۔
final_section	Invio conferma dati	Titolo sezione finale.	Sending data confirmation	Confirmation d'envoi des données	Sendebestätigung	Enviando confirmación de datos	Enviando confirmação de dados	Отправка подтверждения данных	Duke dërguar konfirmimin e të dhënave	Confirmarea trimiterii datelor	डेटा पुष्टिकरण भेजा जा रहा है	ਡਾਟਾ ਪੁਸ਼ਟੀਕਰਨ ਭੇਜਿਆ ਜਾ ਰਿਹਾ ਹੈ	ডেটা নিশ্চিতকরণ পাঠানো হচ্ছে	Потврда слања података	Potvrda slanja podataka	Veri onayı gönderiliyor.	ارسال تایید داده	د معلوماتو تایید لیږل	Pagpapadala ng kumpirmasyon ng datos	Potwierdzenie wysłania danych	Підтвердження надсилання даних	发送数据确认	إرسال تأكيد البيانات	ڈیٹا کی تصدیق بھیج رہا ہے۔
final_help	Quando hai controllato i dati e caricato i documenti, oppure indicato quelli che consegnerai in segreteria didattica, puoi inviare definitivamente la conferma.	Istruzione invio finale.	Once you've checked your information and uploaded the documents, or indicated the ones you'll submit to the academic office, you can send the final confirmation.	Une fois que vous avez vérifié vos informations et téléchargé les documents, ou indiqué ceux que vous soumettrez au bureau des affaires académiques, vous pouvez envoyer la confirmation finale.	Sobald Sie Ihre Angaben überprüft und die Dokumente hochgeladen oder die Dokumente angegeben haben, die Sie dem akademischen Büro vorlegen werden, können Sie die endgültige Bestätigung senden.	Una vez que hayas revisado tu información y subido los documentos, o indicado los que vas a presentar a la oficina académica, puedes enviar la confirmación final.	Após verificar suas informações e fazer o upload dos documentos, ou indicar quais você enviará à secretaria acadêmica, você poderá enviar a confirmação final.	После проверки информации и загрузки документов или указания тех, которые вы собираетесь предоставить в учебный отдел, вы можете отправить окончательное подтверждение.	Pasi të keni kontrolluar informacionin tuaj dhe të keni ngarkuar dokumentet, ose të keni treguar ato që do të dorëzoni në zyrën akademike, mund të dërgoni konfirmimin përfundimtar.	După ce ați verificat informațiile și ați încărcat documentele sau le-ați indicat pe cele pe care le veți trimite secretariatului academic, puteți trimite confirmarea finală.	एक बार जब आप अपनी जानकारी की जांच कर लें और दस्तावेज़ अपलोड कर लें, या उन दस्तावेज़ों को इंगित कर दें जिन्हें आप शैक्षणिक कार्यालय में जमा करेंगे, तो आप अंतिम पुष्टि भेज सकते हैं।	ਇੱਕ ਵਾਰ ਜਦੋਂ ਤੁਸੀਂ ਆਪਣੀ ਜਾਣਕਾਰੀ ਦੀ ਜਾਂਚ ਕਰ ਲੈਂਦੇ ਹੋ ਅਤੇ ਦਸਤਾਵੇਜ਼ ਅਪਲੋਡ ਕਰ ਲੈਂਦੇ ਹੋ, ਜਾਂ ਉਹਨਾਂ ਨੂੰ ਦਰਸਾਉਂਦੇ ਹੋ ਜੋ ਤੁਸੀਂ ਅਕਾਦਮਿਕ ਦਫ਼ਤਰ ਨੂੰ ਜਮ੍ਹਾਂ ਕਰਵਾਉਣਾ ਹੈ, ਤਾਂ ਤੁਸੀਂ ਅੰਤਿਮ ਪੁਸ਼ਟੀਕਰਨ ਭੇਜ ਸਕਦੇ ਹੋ।	আপনার তথ্য যাচাই করে নথিগুলো আপলোড করার পর, অথবা অ্যাকাডেমিক অফিসে যেগুলো জমা দেবেন তা উল্লেখ করার পর, আপনি চূড়ান্ত নিশ্চিতকরণ পাঠাতে পারেন।	Када проверите своје податке и отпремите документа или назначите оне које ћете поднети академској канцеларији, можете послати коначну потврду.	Nakon što provjerite svoje podatke i prenesete dokumente ili naznačite one koje ćete predati u akademski ured, možete poslati konačnu potvrdu.	Bilgilerinizi kontrol edip belgeleri yükledikten veya akademik ofise göndereceğiniz belgeleri belirttikten sonra, son onayı gönderebilirsiniz.	پس از بررسی اطلاعات و بارگذاری مدارک، یا مشخص کردن مدارکی که به دفتر دانشگاهی ارسال خواهید کرد، می‌توانید تأییدیه نهایی را ارسال کنید.	کله چې تاسو خپل معلومات وګورئ او اسناد مو اپلوډ کړئ، یا هغه چې تاسو به یې اکاډمیک دفتر ته وسپارئ، تاسو کولی شئ وروستۍ تایید واستوئ.	Kapag nasuri mo na ang iyong impormasyon at na-upload na ang mga dokumento, o nailagay mo na ang mga isusumite mo sa akademikong opisina, maaari mo nang ipadala ang pangwakas na kumpirmasyon.	Po sprawdzeniu informacji i przesłaniu dokumentów lub wskazaniu tych, które zamierzasz przesłać do dziekanatu, możesz wysłać ostateczne potwierdzenie.	Після того, як ви перевірите свою інформацію та завантажите документи або вкажете ті, які ви подасте до академічного офісу, ви можете надіслати остаточне підтвердження.	检查完信息并上传文件，或者指明要提交给教务处的文件后，即可发送最终确认函。	بمجرد التحقق من معلوماتك وتحميل المستندات، أو تحديد المستندات التي ستقدمها إلى المكتب الأكاديمي، يمكنك إرسال التأكيد النهائي.	ایک بار جب آپ نے اپنی معلومات کی جانچ پڑتال کر لی اور دستاویزات کو اپ لوڈ کر لیا، یا ان کی نشاندہی کر دی جو آپ اکیڈمک آفس میں جمع کرائیں گے، آپ حتمی تصدیق بھیج سکتے ہیں۔
final_button	SALVA ED INVIA CONFERMA DATI ISCRIZIONE	Pulsante finale.	SAVE AND SEND CONFIRMATION REGISTRATION DATA	ENREGISTRER ET ENVOYER LA CONFIRMATION DES DONNÉES D'INSCRIPTION	Registrierungsdaten speichern und bestätigen	GUARDAR Y ENVIAR DATOS DE REGISTRO DE CONFIRMACIÓN	SALVAR E ENVIAR DADOS DE REGISTRO DE CONFIRMAÇÃO	СОХРАНИТЬ И ОТПРАВИТЬ ДАННЫЕ ПОДТВЕРЖДЕНИЯ РЕГИСТРАЦИИ	RUAJ DHE DËRGO TË DHËNAT E REGJISTRIMIT TË KONFIRMIMIT	SALVAȚI ȘI TRIMITEȚI DATELE DE CONFIRMARE A ÎNREGISTRARII	पंजीकरण डेटा सहेजें और भेजें	ਪੁਸ਼ਟੀਕਰਨ ਰਜਿਸਟ੍ਰੇਸ਼ਨ ਡੇਟਾ ਸੁਰੱਖਿਅਤ ਕਰੋ ਅਤੇ ਭੇਜੋ	নিশ্চিতকরণ নিবন্ধন তথ্য সংরক্ষণ ও প্রেরণ করুন	САЧУВАЈ И ПОШАЉИ ПОДАТКЕ О ПОТВРДИ РЕГИСТРАЦИЈЕ	SPREMI I POŠALJI PODATKE O POTVRDI REGISTRACIJE	KAYIT ONAY VERİLERİNİ KAYDET VE GÖNDER	ذخیره و ارسال اطلاعات ثبت نام تایید	د تایید د ثبت معلومات خوندي کړئ او واستوئ	I-SAVE AT IPADALA ANG DATOS NG PAGPAPAREHISTRO NG KUMPIRMASYON	ZAPISZ I WYŚLIJ DANE REJESTRACJI POTWIERDZENIA	ЗБЕРЕЖИТИ ТА НАДІСЛАТИ ДАНІ РЕЄСТРАЦІЇ ДЛЯ ПІДТВЕРДЖЕННЯ	保存并发送确认注册数据	حفظ وإرسال بيانات تأكيد التسجيل	محفوظ کریں اور تصدیقی رجسٹریشن ڈیٹا بھیجیں۔
sent_title	Conferma dati iscrizione già inviata.	Titolo pratica già inviata.	Confirm registration data already sent.	Confirmez que les données d'inscription ont déjà été envoyées.	Bestätigen Sie, dass die Registrierungsdaten bereits gesendet wurden.	Confirme que los datos de registro ya se han enviado.	Confirme se os dados de inscrição já foram enviados.	Подтвердите, что регистрационные данные уже отправлены.	Konfirmoni të dhënat e regjistrimit që janë dërguar tashmë.	Confirmați datele de înregistrare deja trimise.	पहले से भेजे गए पंजीकरण डेटा की पुष्टि करें।	ਪਹਿਲਾਂ ਹੀ ਭੇਜੇ ਗਏ ਰਜਿਸਟ੍ਰੇਸ਼ਨ ਡੇਟਾ ਦੀ ਪੁਸ਼ਟੀ ਕਰੋ।	নিবন্ধনের তথ্য পাঠানো হয়েছে বলে নিশ্চিত করুন।	Потврдите да су подаци за регистрацију већ послати.	Potvrdite da su podaci za registraciju već poslani.	Kayıt verilerinin zaten gönderildiğini onaylayın.	اطلاعات ثبت نام که قبلاً ارسال شده است را تأیید کنید.	د راجسټریشن معلومات دمخه لیږل شوي تایید کړئ.	Kumpirmahin na naipadala na ang datos ng pagpaparehistro.	Potwierdź, że dane rejestracyjne zostały już wysłane.	Підтвердіть, що реєстраційні дані вже надіслані.	确认注册数据已发送。	تأكيد إرسال بيانات التسجيل مسبقاً.	تصدیق کریں کہ رجسٹریشن ڈیٹا پہلے ہی بھیج دیا گیا ہے۔
sent_text	Non serve fare altro da questa pagina. La segreteria didattica ha ricevuto la pratica e potrà verificare i documenti caricati o indicati come consegna cartacea.	Testo pratica già inviata.	There's nothing else you need to do from this page. The academic office has received your application and will be able to verify the documents uploaded or indicated as paper submissions.	Vous n'avez plus rien à faire sur cette page. Le service des affaires académiques a bien reçu votre candidature et pourra vérifier les documents téléchargés ou indiqués comme documents papier.	Sie müssen auf dieser Seite nichts weiter tun. Das Studienbüro hat Ihre Bewerbung erhalten und kann die hochgeladenen oder als Papierunterlagen gekennzeichneten Dokumente überprüfen.	No es necesario que hagas nada más desde esta página. La oficina académica ha recibido tu solicitud y podrá verificar los documentos que subiste o que indicaste como documentos impresos.	Não precisa fazer mais nada nesta página. A secretaria acadêmica recebeu sua inscrição e poderá verificar os documentos enviados ou indicados como documentos em papel.	На этой странице вам больше ничего не нужно делать. Академический отдел получил вашу заявку и сможет проверить загруженные документы или документы, указанные как бумажные.	Nuk ka asgjë tjetër që duhet të bëni nga kjo faqe. Zyra akademike e ka marrë aplikimin tuaj dhe do të jetë në gjendje të verifikojë dokumentet e ngarkuara ose të treguara si dorëzime dokumentesh.	Nu trebuie să faceți nimic altceva de pe această pagină. Biroul academic a primit cererea dvs. și va putea verifica documentele încărcate sau indicate ca lucrări trimise.	इस पेज से आपको और कुछ करने की आवश्यकता नहीं है। अकादमिक कार्यालय को आपका आवेदन प्राप्त हो चुका है और वे अपलोड किए गए या लिखित रूप में प्रस्तुत किए गए दस्तावेजों का सत्यापन कर सकेंगे।	ਇਸ ਪੰਨੇ ਤੋਂ ਤੁਹਾਨੂੰ ਹੋਰ ਕੁਝ ਕਰਨ ਦੀ ਲੋੜ ਨਹੀਂ ਹੈ। ਅਕਾਦਮਿਕ ਦਫ਼ਤਰ ਨੂੰ ਤੁਹਾਡੀ ਅਰਜ਼ੀ ਪ੍ਰਾਪਤ ਹੋ ਗਈ ਹੈ ਅਤੇ ਉਹ ਅੱਪਲੋਡ ਕੀਤੇ ਗਏ ਜਾਂ ਪੇਪਰ ਸਬਮਿਸ਼ਨ ਵਜੋਂ ਦਰਸਾਏ ਗਏ ਦਸਤਾਵੇਜ਼ਾਂ ਦੀ ਪੁਸ਼ਟੀ ਕਰਨ ਦੇ ਯੋਗ ਹੋਵੇਗਾ।	এই পৃষ্ঠা থেকে আপনার আর কিছু করার প্রয়োজন নেই। একাডেমিক অফিস আপনার আবেদনপত্রটি গ্রহণ করেছে এবং আপলোড করা বা লিখিত জমা হিসাবে উল্লিখিত নথিগুলি যাচাই করতে পারবে।	Не треба ништа више да урадите са ове странице. Академска канцеларија је примила вашу пријаву и моћи ће да провери документа која су отпремљена или означена као радови.	Na ovoj stranici ne trebate ništa više učiniti. Akademski ured je primio vašu prijavu i moći će provjeriti dokumente koji su preneseni ili označeni kao predani radovi.	Bu sayfadan sonra yapmanız gereken başka bir şey yok. Akademik ofis başvurunuzu aldı ve yüklediğiniz veya kağıt olarak sunduğunuz belgeleri doğrulayabilecektir.	کار دیگری از این صفحه لازم نیست انجام دهید. دفتر دانشگاهی درخواست شما را دریافت کرده و می‌تواند مدارک آپلود شده یا مدارکی که به عنوان مقاله ارسال شده‌اند را تأیید کند.	له دې پاڼې څخه بل څه کولو ته اړتیا نشته. اکاډمیک دفتر ستاسو غوښتنلیک ترلاسه کړی او کولی شي هغه اسناد تایید کړي چې اپلوډ شوي یا د کاغذ سپارلو په توګه ښودل شوي.	Wala ka nang ibang kailangang gawin mula sa pahinang ito. Natanggap na ng opisina ng akademiko ang iyong aplikasyon at mabeberipika na nila ang mga dokumentong na-upload o ipinahiwatig bilang mga isinumiteng papel.	Na tej stronie nie musisz nic więcej robić. Dziekanat otrzymał Twój wniosek i będzie mógł zweryfikować przesłane dokumenty lub zgłoszenia w wersji papierowej.	Вам більше нічого не потрібно робити на цій сторінці. Академічний відділ отримав вашу заявку та зможе перевірити документи, завантажені або позначені як подані документи.	您无需在此页面进行任何其他操作。教务处已收到您的申请，并将核实您上传的文件或您注明的纸质提交材料。	لا يلزمك القيام بأي شيء آخر من هذه الصفحة. لقد استلم المكتب الأكاديمي طلبك وسيتمكن من التحقق من المستندات التي تم تحميلها أو التي تم تحديدها كمستندات ورقية.	اس صفحہ سے آپ کو اور کچھ کرنے کی ضرورت نہیں ہے۔ اکیڈمک آفس کو آپ کی درخواست موصول ہو گئی ہے اور وہ کاغذی گذارشات کے بطور اپ لوڈ کردہ یا اشارہ کردہ دستاویزات کی تصدیق کر سکے گا۔
photo_editor_title	Sistema foto	Titolo editor foto.	Photo system	Système photo	Fotosystem	Sistema fotográfico	Sistema fotográfico	Фотосистема	Sistemi i fotove	Sistem foto	फोटो सिस्टम	ਫੋਟੋ ਸਿਸਟਮ	ফটো সিস্টেম	Фото систем	Foto sustav	Fotoğraf sistemi	سیستم عکس	د عکس سیسټم	Sistema ng litrato	System fotograficzny	Фотосистема	照片系统	نظام التصوير	فوٹو سسٹم
photo_editor_help	Sposta i quattro punti blu sui vertici del documento. Con due dita puoi ruotare la foto; poi premi Conferma foto.	Aiuto editor foto.	Move the four blue dots to the corners of the document. You can rotate the photo with two fingers; then press Confirm Photo.	Déplacez les quatre points bleus aux coins du document. Vous pouvez faire pivoter la photo avec deux doigts ; puis appuyez sur « Confirmer la photo ».	Verschieben Sie die vier blauen Punkte in die Ecken des Dokuments. Sie können das Foto mit zwei Fingern drehen; tippen Sie anschließend auf „Foto bestätigen“.	Mueva los cuatro puntos azules a las esquinas del documento. Puede girar la foto con dos dedos; luego, pulse Confirmar foto.	Mova os quatro pontos azuis para os cantos do documento. Você pode girar a foto com dois dedos; em seguida, pressione Confirmar Foto.	Переместите четыре синие точки в углы документа. Вы можете повернуть фотографию двумя пальцами, затем нажмите «Подтвердить фото».	Zhvendosni katër pikat blu në cepat e dokumentit. Mund ta rrotulloni foton me dy gishta; pastaj shtypni Konfirmo foton.	Mută ​​cele patru puncte albastre în colțurile documentului. Poți roti fotografia cu două degete; apoi apasă Confirmare fotografie.	चारों नीले बिंदुओं को दस्तावेज़ के कोनों पर ले जाएं। आप दो उंगलियों से फोटो को घुमा सकते हैं; फिर 'फोटो की पुष्टि करें' बटन दबाएं।	ਚਾਰ ਨੀਲੇ ਬਿੰਦੀਆਂ ਨੂੰ ਦਸਤਾਵੇਜ਼ ਦੇ ਕੋਨਿਆਂ 'ਤੇ ਲੈ ਜਾਓ। ਤੁਸੀਂ ਦੋ ਉਂਗਲਾਂ ਨਾਲ ਫੋਟੋ ਨੂੰ ਘੁੰਮਾ ਸਕਦੇ ਹੋ; ਫਿਰ ਪੁਸ਼ਟੀ ਕਰੋ ਫੋਟੋ ਦਬਾਓ।	চারটি নীল বিন্দুকে ডকুমেন্টের কোণায় নিয়ে যান। আপনি দুটি আঙুল দিয়ে ছবিটি ঘোরাতে পারেন; তারপর ‘Confirm Photo’ চাপুন।	Померите четири плаве тачке у углове документа. Можете ротирати фотографију са два прста; затим притисните Потврди фотографију.	Pomaknite četiri plave točke u kutove dokumenta. Fotografiju možete rotirati s dva prsta; zatim pritisnite Potvrdi fotografiju.	Dört mavi noktayı belgenin köşelerine taşıyın. Fotoğrafı iki parmağınızla döndürebilirsiniz; ardından Fotoğrafı Onayla'ya basın.	چهار نقطه آبی را به گوشه‌های سند منتقل کنید. می‌توانید عکس را با دو انگشت بچرخانید؛ سپس تأیید عکس را فشار دهید.	څلور نیلي نقطې د سند کونجونو ته واستوئ. تاسو کولی شئ عکس د دوو ګوتو سره وګرځوئ؛ بیا د عکس تایید فشار ورکړئ.	Ilipat ang apat na asul na tuldok papunta sa mga sulok ng dokumento. Maaari mong paikutin ang larawan gamit ang dalawang daliri; pagkatapos ay pindutin ang Kumpirmahin ang Larawan.	Przesuń cztery niebieskie kropki do rogów dokumentu. Możesz obrócić zdjęcie dwoma palcami; następnie naciśnij „Potwierdź zdjęcie”.	Перемістіть чотири сині крапки в кути документа. Ви можете повернути фотографію двома пальцями; потім натисніть «Підтвердити фотографію».	将四个蓝色圆点移动到文档的四个角上。您可以用两根手指旋转照片；然后点击“确认照片”。	انقل النقاط الزرقاء الأربع إلى زوايا المستند. يمكنك تدوير الصورة بإصبعين، ثم اضغط على "تأكيد الصورة".	چار نیلے نقطوں کو دستاویز کے کونوں میں منتقل کریں۔ آپ تصویر کو دو انگلیوں سے گھما سکتے ہیں۔ پھر کنفرم فوٹو کو دبائیں۔
rotate_left	Ruota -90	Pulsante editor foto.	Wheel -90	Roue -90	Rad -90	Rueda -90	Roda -90	Колесо -90	Rrota -90	Roată -90	पहिया -90	ਪਹੀਆ -90	চাকা -৯০	Точак -90	Kotač -90	Tekerlek -90	چرخ -۹۰	څرخ -۹۰	Gulong -90	Koło -90	Колесо -90	车轮 -90	عجلة -90	وہیل -90
rotate_right	Ruota +90	Pulsante editor foto.	Rotate +90	Rotation de +90	Drehung um +90	Rotar +90	Girar +90	Повернуть на +90	Rrotullo +90	Rotire +90	+90 घुमाएँ	ਘੁੰਮਾਓ +90	+90 ঘোরান	Ротирај +90	Rotiranje za +90	+90 derece döndür	چرخش +۹۰	+۹۰ وګرځوئ	I-rotate +90	Obróć o +90	Повернути на +90	旋转 +90 度	أدر +90	+90 گھمائیں۔
fine_rotation	Rotazione fine	Etichetta cursore editor foto.	Fine rotation	Rotation fine	Feinrotation	Rotación fina	Rotação fina	Точное вращение	Rrotullim i imët	Rotație fină	महीन घुमाव	ਵਧੀਆ ਘੁੰਮਾਓ	সূক্ষ্ম ঘূর্ণন	Фина ротација	Fina rotacija	İnce ayar	چرخش دقیق	ښه گردش	Pinong pag-ikot	Drobny obrót	Точне обертання	精细旋转	دوران دقيق	ٹھیک گردش
apply_rotation	Applica rotazione	Pulsante editor foto.	Apply rotation	Appliquer la rotation	Rotation anwenden	Aplicar rotación	Aplicar rotação	Применить вращение	Zbato rrotullimin	Aplicați rotația	घुमाव लागू करें	ਘੁੰਮਾਓ ਲਾਗੂ ਕਰੋ	ঘূর্ণন প্রয়োগ করুন	Примени ротацију	Primijeni rotaciju	Döndürme uygulayın	چرخش را اعمال کنید	گردش تطبیق کړئ	Ilapat ang pag-ikot	Zastosuj obrót	Застосувати обертання	应用旋转	قم بتطبيق الدوران	گردش کا اطلاق کریں۔
reset	Ripristina	Pulsante editor foto.	Restore	Restaurer	Wiederherstellen	Restaurar	Restaurar	Восстановить	Rivendos	Restabili	पुनर्स्थापित करना	ਰੀਸਟੋਰ ਕਰੋ	পুনরুদ্ধার করুন	Врати	Vratiti	Eski haline getirmek	بازیابی	بیا رغونه	Ibalik	Przywrócić	Відновити	恢复	يعيد	بحال کریں۔
confirm_photo	Conferma foto	Pulsante editor foto.	Confirm photo	Confirmer la photo	Foto bestätigen	Confirmar foto	Confirmar foto	Подтвердить фото	Konfirmo foton	Confirmă fotografia	फोटो की पुष्टि करें	ਫੋਟੋ ਦੀ ਪੁਸ਼ਟੀ ਕਰੋ	ছবি নিশ্চিত করুন	Потврди фотографију	Potvrdi fotografiju	Fotoğrafı onaylayın	عکس را تأیید کنید	عکس تایید کړئ	Kumpirmahin ang larawan	Potwierdź zdjęcie	Підтвердити фото	确认照片	تأكيد الصور	تصویر کی تصدیق کریں۔
cancel	Annulla	Pulsante generico.	Cancel	Annuler	Stornieren	Cancelar	Cancelar	Отмена	Anulo	Anula	रद्द करना	ਰੱਦ ਕਰੋ	বাতিল করুন	Откажи	Otkazati	İptal etmek	لغو	لغوه کول	Kanselahin	Anulować	Скасувати	取消	يلغي	منسوخ کریں۔
busy	Elaborazione in corso...	Messaggio di attesa.	Processing in progress...	Traitement en cours...	Verarbeitung läuft...	Procesamiento en curso...	Processamento em andamento...	Обработка данных продолжается...	Përpunimi është në vazhdim...	Procesare în curs...	प्रक्रिया जारी है...	ਪ੍ਰਕਿਰਿਆ ਜਾਰੀ ਹੈ...	প্রক্রিয়া চলছে...	Обрада у току...	Obrada u tijeku...	İşlem devam ediyor...	در حال پردازش...	پروسس روان دی...	Kasalukuyang pinoproseso...	Przetwarzanie w toku...	Триває обробка...	正在处理中……	جارٍ المعالجة...	پروسیسنگ جاری ہے...
success_title	Conferma inviata	Titolo messaggio successo.	Confirmation sent	Confirmation envoyée	Bestätigung gesendet	Confirmación enviada	Confirmação enviada	Подтверждение отправлено.	Konfirmimi u dërgua	Confirmare trimisă	पुष्टि भेज दी गई	ਪੁਸ਼ਟੀ ਭੇਜੀ ਗਈ	নিশ্চিতকরণ পাঠানো হয়েছে	Потврда је послата	Potvrda poslana	Onay gönderildi	تاییدیه ارسال شد	تایید واستول شو	Napadala na ang kumpirmasyon	Potwierdzenie wysłane	Підтвердження надіслано	已发送确认信息	تم إرسال التأكيد	تصدیق بھیج دی گئی۔
success_main	I dati dell'iscrizione sono stati salvati e inviati correttamente.	Messaggio successo.	Your registration data has been saved and sent successfully.	Vos données d'inscription ont été enregistrées et envoyées avec succès.	Ihre Registrierungsdaten wurden erfolgreich gespeichert und übermittelt.	Sus datos de registro se han guardado y enviado correctamente.	Seus dados de cadastro foram salvos e enviados com sucesso.	Ваши регистрационные данные успешно сохранены и отправлены.	Të dhënat tuaja të regjistrimit janë ruajtur dhe dërguar me sukses.	Datele dumneavoastră de înregistrare au fost salvate și trimise cu succes.	आपका पंजीकरण डेटा सफलतापूर्वक सहेज लिया गया है और भेज दिया गया है।	ਤੁਹਾਡਾ ਰਜਿਸਟ੍ਰੇਸ਼ਨ ਡੇਟਾ ਸੁਰੱਖਿਅਤ ਕਰ ਲਿਆ ਗਿਆ ਹੈ ਅਤੇ ਸਫਲਤਾਪੂਰਵਕ ਭੇਜਿਆ ਗਿਆ ਹੈ।	আপনার নিবন্ধনের তথ্য সফলভাবে সংরক্ষণ ও প্রেরণ করা হয়েছে।	Ваши регистрациони подаци су сачувани и успешно послати.	Vaši registracijski podaci su uspješno spremljeni i poslani.	Kayıt bilgileriniz başarıyla kaydedildi ve gönderildi.	اطلاعات ثبت نام شما ذخیره و با موفقیت ارسال شد.	ستاسو د راجسټریشن معلومات خوندي شوي او په بریالیتوب سره لیږل شوي دي.	Ang iyong datos sa pagpaparehistro ay nai-save at matagumpay na naipadala.	Twoje dane rejestracyjne zostały zapisane i pomyślnie wysłane.	Ваші реєстраційні дані успішно збережено та надіслано.	您的注册信息已保存并成功发送。	تم حفظ بيانات التسجيل الخاصة بك وإرسالها بنجاح.	آپ کا رجسٹریشن ڈیٹا محفوظ اور کامیابی سے بھیج دیا گیا ہے۔
success_text_1	La segreteria didattica riceverà la conferma e potrà verificare i documenti caricati o indicati come consegna cartacea.	Messaggio successo.	The academic office will receive confirmation and will be able to verify the documents uploaded or indicated as paper submissions.	Le bureau des affaires académiques recevra une confirmation et pourra vérifier les documents téléchargés ou indiqués comme soumissions papier.	Das akademische Büro erhält eine Bestätigung und kann die hochgeladenen oder als Papierdokumente gekennzeichneten Unterlagen überprüfen.	La oficina académica recibirá la confirmación y podrá verificar los documentos cargados o indicados como entregas en papel.	A secretaria acadêmica receberá a confirmação e poderá verificar os documentos enviados ou indicados como trabalhos em papel.	Академический отдел получит подтверждение и сможет проверить загруженные документы или документы, указанные как бумажные.	Zyra akademike do të marrë konfirmim dhe do të jetë në gjendje të verifikojë dokumentet e ngarkuara ose të treguara si dorëzime dokumentesh.	Secretariatul academic va primi confirmarea și va putea verifica documentele încărcate sau indicate ca lucrări trimise.	शैक्षणिक कार्यालय को पुष्टि प्राप्त हो जाएगी और वह अपलोड किए गए दस्तावेजों या प्रस्तुत किए गए दस्तावेजों का सत्यापन कर सकेगा।	ਅਕਾਦਮਿਕ ਦਫ਼ਤਰ ਨੂੰ ਪੁਸ਼ਟੀ ਪ੍ਰਾਪਤ ਹੋਵੇਗੀ ਅਤੇ ਉਹ ਅੱਪਲੋਡ ਕੀਤੇ ਗਏ ਜਾਂ ਪੇਪਰ ਸਬਮਿਸ਼ਨ ਵਜੋਂ ਦਰਸਾਏ ਗਏ ਦਸਤਾਵੇਜ਼ਾਂ ਦੀ ਪੁਸ਼ਟੀ ਕਰਨ ਦੇ ਯੋਗ ਹੋਵੇਗਾ।	একাডেমিক অফিস নিশ্চিতকরণ বার্তা পাবে এবং আপলোড করা বা পেপার জমা হিসাবে চিহ্নিত নথিগুলো যাচাই করতে পারবে।	Академска канцеларија ће добити потврду и моћи ће да верификује документа отпремљена или означена као поднети радови.	Akademski ured će dobiti potvrdu i moći će provjeriti dokumente koji su preneseni ili označeni kao predani radovi.	Akademik ofis, onay aldıktan sonra yüklenen veya kağıt teslim olarak belirtilen belgeleri doğrulayabilecektir.	دفتر دانشگاهی تأییدیه را دریافت خواهد کرد و می‌تواند مدارک آپلود شده یا مشخص شده به عنوان مقاله را تأیید کند.	اکاډمیک دفتر به تایید ترلاسه کړي او وکولی شي هغه اسناد تایید کړي چې اپلوډ شوي یا د کاغذ سپارلو په توګه ښودل شوي.	Makakatanggap ang opisina ng akademiko ng kumpirmasyon at mabeberipika ang mga dokumentong na-upload o ipinahiwatig bilang mga isinumiteng papel.	Sekretariat wydziału otrzyma potwierdzenie i będzie mógł zweryfikować przesłane dokumenty lub zgłoszone jako prace pisemne.	Академічний відділ отримає підтвердження та зможе перевірити документи, завантажені або позначені як подані документи.	教务处将收到确认信息，并能够核实上传的文件或标明为纸质提交的文件。	سيتلقى المكتب الأكاديمي تأكيدًا وسيكون قادرًا على التحقق من المستندات التي تم تحميلها أو الإشارة إليها على أنها مستندات ورقية.	اکیڈمک آفس تصدیق حاصل کرے گا اور کاغذات جمع کرنے کے طور پر اپ لوڈ کردہ یا اشارہ کردہ دستاویزات کی تصدیق کر سکے گا۔
success_text_2	Una mail di conferma viene inviata agli indirizzi indicati, se l'invio mail è configurato correttamente.	Messaggio successo.	A confirmation email will be sent to the addresses you provide if email delivery is configured correctly.	Un courriel de confirmation sera envoyé aux adresses que vous avez fournies si la distribution des courriels est correctement configurée.	Wenn die E-Mail-Zustellung korrekt konfiguriert ist, wird eine Bestätigungs-E-Mail an die von Ihnen angegebenen Adressen gesendet.	Si la configuración de envío de correo electrónico es correcta, se enviará un correo electrónico de confirmación a las direcciones que proporcione.	Um e-mail de confirmação será enviado para os endereços que você fornecer, caso a entrega de e-mails esteja configurada corretamente.	Если настройка доставки электронной почты выполнена правильно, на указанные вами адреса будет отправлено письмо с подтверждением.	Një email konfirmimi do të dërgohet në adresat që jepni nëse dërgimi i email-it është konfiguruar saktë.	Un e-mail de confirmare va fi trimis la adresele pe care le furnizați dacă livrarea e-mailurilor este configurată corect.	यदि ईमेल डिलीवरी सही ढंग से कॉन्फ़िगर की गई है, तो आपके द्वारा प्रदान किए गए पतों पर एक पुष्टिकरण ईमेल भेजा जाएगा।	ਜੇਕਰ ਈਮੇਲ ਡਿਲੀਵਰੀ ਸਹੀ ਢੰਗ ਨਾਲ ਕੌਂਫਿਗਰ ਕੀਤੀ ਗਈ ਹੈ, ਤਾਂ ਤੁਹਾਡੇ ਦੁਆਰਾ ਪ੍ਰਦਾਨ ਕੀਤੇ ਗਏ ਪਤਿਆਂ 'ਤੇ ਇੱਕ ਪੁਸ਼ਟੀਕਰਨ ਈਮੇਲ ਭੇਜੀ ਜਾਵੇਗੀ।	ইমেল ডেলিভারি সঠিকভাবে কনফিগার করা থাকলে, আপনার দেওয়া ঠিকানাগুলিতে একটি নিশ্চিতকরণ ইমেল পাঠানো হবে।	Потврдни имејл ће бити послат на адресе које наведете ако је достава имејлова правилно конфигурисана.	E-poruka s potvrdom bit će poslana na adrese koje navedete ako je dostava e-pošte ispravno konfigurirana.	E-posta gönderimi doğru şekilde yapılandırılmışsa, verdiğiniz adreslere bir onay e-postası gönderilecektir.	اگر ارسال ایمیل به درستی پیکربندی شده باشد، یک ایمیل تأیید به آدرس‌هایی که ارائه می‌دهید ارسال خواهد شد.	که چیرې د برېښنالیک لېږد په سمه توګه تنظیم شوی وي، نو د تایید برېښنالیک به ستاسو لخوا چمتو شوي پتو ته واستول شي.	Isang email ng kumpirmasyon ang ipapadala sa mga adres na iyong ibinigay kung ang paghahatid ng email ay na-configure nang tama.	Jeśli dostarczanie wiadomości e-mail zostanie skonfigurowane prawidłowo, na podane adresy zostanie wysłana wiadomość e-mail z potwierdzeniem.	Якщо доставку електронної пошти налаштовано правильно, на вказані вами адреси буде надіслано електронний лист із підтвердженням.	如果电子邮件发送设置正确，我们将向您提供的地址发送确认邮件。	سيتم إرسال بريد إلكتروني للتأكيد إلى العناوين التي تقدمها إذا تم تكوين خدمة إرسال البريد الإلكتروني بشكل صحيح.	ایک تصدیقی ای میل آپ کے فراہم کردہ پتوں پر بھیجی جائے گی اگر ای میل کی ترسیل درست طریقے سے ترتیب دی گئی ہے۔
ok_understood	Ho capito	Pulsante chiusura.	I understand	Je comprends	Ich verstehe	Entiendo	Eu entendo	Я понимаю	Unë e kuptoj	Am înțeles	मैं समझता हूँ	ਮੈਂ ਸੱਮਝਦਾ ਹਾਂ	আমি বুঝতে পারছি	Разумем	Razumijem	Anladım	من می‌فهمم.	زه پوهیږم	Naiintindihan ko	Rozumiem	Я розумію	我明白	أفهم	میں سمجھتا ہوں۔
error_title	Manca un passaggio	Titolo errore.	There's a step missing	Il manque une étape.	Ein Schritt fehlt	Falta un paso	Falta um passo	Пропущен один шаг	Mungon një hap	Lipsește un pas	एक चरण छूट गया है	ਇੱਕ ਕਦਮ ਗੁੰਮ ਹੈ।	একটি ধাপ বাদ পড়েছে	Недостаје један корак	Nedostaje jedan korak	Bir adım eksik.	یک مرحله کم است	یو ګام ورک دی	May kulang na hakbang	Brakuje kroku	Бракує кроку	少了一步。	هناك خطوة مفقودة	ایک قدم غائب ہے۔
error_main	Prima di inviare devi completare i dati richiesti.	Messaggio errore.	Before submitting you must complete the required data.	Avant de soumettre votre candidature, vous devez compléter les données requises.	Vor dem Absenden müssen Sie die erforderlichen Daten vervollständigen.	Antes de enviar el formulario, debe completar los datos requeridos.	Antes de enviar, você deve preencher os dados solicitados.	Перед отправкой необходимо заполнить все необходимые данные.	Para se të dorëzoni, duhet të plotësoni të dhënat e kërkuara.	Înainte de trimitere, trebuie să completați datele solicitate.	सबमिट करने से पहले आपको आवश्यक जानकारी पूरी करनी होगी।	ਜਮ੍ਹਾਂ ਕਰਨ ਤੋਂ ਪਹਿਲਾਂ ਤੁਹਾਨੂੰ ਲੋੜੀਂਦਾ ਡੇਟਾ ਪੂਰਾ ਕਰਨਾ ਪਵੇਗਾ।	জমা দেওয়ার আগে আপনাকে প্রয়োজনীয় তথ্যগুলো অবশ্যই পূরণ করতে হবে।	Пре слања морате попунити потребне податке.	Prije slanja morate ispuniti tražene podatke.	Göndermeden önce gerekli bilgileri eksiksiz doldurmalısınız.	قبل از ارسال، باید اطلاعات مورد نیاز را تکمیل کنید.	د سپارلو دمخه تاسو باید اړین معلومات بشپړ کړئ.	Bago magsumite, dapat mong kumpletuhin ang mga kinakailangang datos.	Przed wysłaniem musisz uzupełnić wymagane dane.	Перед надсиланням необхідно заповнити необхідні дані.	提交前，您必须填写完整所需数据。	قبل الإرسال، يجب عليك إكمال البيانات المطلوبة.	جمع کرانے سے پہلے آپ کو مطلوبہ ڈیٹا مکمل کرنا ہوگا۔
error_text	Controlla la pagina e correggi il punto indicato. Poi potrai inviare di nuovo la conferma.	Messaggio errore.	Check the page and correct the indicated point. You can then resend the confirmation.	Vérifiez la page et corrigez le point indiqué. Vous pourrez ensuite renvoyer la confirmation.	Überprüfen Sie die Seite und korrigieren Sie den markierten Punkt. Anschließend können Sie die Bestätigung erneut senden.	Revisa la página y corrige el punto indicado. Luego podrás reenviar la confirmación.	Verifique a página e corrija o ponto indicado. Em seguida, você poderá reenviar a confirmação.	Проверьте страницу и исправьте указанный пункт. После этого вы можете повторно отправить подтверждение.	Kontrolloni faqen dhe korrigjoni pikën e treguar. Pastaj mund ta ridërgoni konfirmimin.	Verificați pagina și corectați punctul indicat. Apoi puteți retrimite confirmarea.	पेज की जांच करें और बताए गए बिंदु को ठीक करें। इसके बाद आप पुष्टिकरण दोबारा भेज सकते हैं।	ਪੰਨੇ ਦੀ ਜਾਂਚ ਕਰੋ ਅਤੇ ਦੱਸੇ ਗਏ ਬਿੰਦੂ ਨੂੰ ਠੀਕ ਕਰੋ। ਫਿਰ ਤੁਸੀਂ ਪੁਸ਼ਟੀਕਰਨ ਦੁਬਾਰਾ ਭੇਜ ਸਕਦੇ ਹੋ।	পৃষ্ঠাটি যাচাই করুন এবং নির্দেশিত বিষয়টি সংশোধন করুন। এরপর আপনি নিশ্চিতকরণ বার্তাটি পুনরায় পাঠাতে পারেন।	Проверите страницу и исправите назначену тачку. Затим можете поново послати потврду.	Provjerite stranicu i ispravite naznačenu točku. Zatim možete ponovno poslati potvrdu.	Sayfayı kontrol edin ve belirtilen noktayı düzeltin. Ardından onayı yeniden gönderebilirsiniz.	صفحه را بررسی کنید و نکته‌ی مشخص‌شده را اصلاح کنید. سپس می‌توانید تأییدیه را دوباره ارسال کنید.	پاڼه وګورئ او ښودل شوې نقطه سمه کړئ. بیا تاسو کولی شئ تایید بیا واستوئ.	Suriin ang pahina at itama ang ipinahiwatig na punto. Pagkatapos ay maaari mong ipadala muli ang kumpirmasyon.	Sprawdź stronę i popraw wskazany punkt. Następnie możesz ponownie wysłać potwierdzenie.	Перевірте сторінку та виправте зазначений пункт. Після цього ви можете повторно надіслати підтвердження.	请检查页面并更正指出的问题。然后您可以重新发送确认邮件。	راجع الصفحة وصحح النقطة المشار إليها. يمكنك بعد ذلك إعادة إرسال التأكيد.	صفحہ چیک کریں اور اشارہ کردہ پوائنٹ کو درست کریں۔ اس کے بعد آپ تصدیق دوبارہ بھیج سکتے ہیں۔
back_to_fix	Torno a correggere	Pulsante errore.	I'm back to correct	Je suis de retour à la correction	Ich bin wieder im korrekten Zustand.	He vuelto para corregir	Voltei para corrigir	Я вернулся, чтобы исправить.	Jam kthyer për të korrigjuar	M-am întors să corectez	मैं सुधार करने के लिए वापस आ गया हूँ।	ਮੈਂ ਠੀਕ ਕਰਨ ਲਈ ਵਾਪਸ ਆਇਆ ਹਾਂ।	আমি আবার সঠিক অবস্থায় ফিরে এসেছি।	Вратио сам се да исправим	Vratio sam se da ispravim	Düzeltmek için geri döndüm.	برگشتم که اصلاح کنم	زه بیرته راغلم چې سم شم	Bumalik ako para itama	Wróciłem, żeby to poprawić	Я повернувся до виправлення	我回来纠正	لقد عدت للتصحيح	میں درست کرنے کے لیے واپس آ گیا ہوں۔
doc.pagella	Pagella	Nome documento.	Report card	Bulletin scolaire	Zeugnis	Boletín de calificaciones	Boletim escolar	Табель успеваемости	Raporti	Fișă de raport	रिपोर्ट कार्ड	ਰਿਪੋਰਟ ਕਾਰਡ	রিপোর্ট কার্ড	Извештај	Izvješće	Karne	کارت گزارش	د راپور کارت	Kard ng ulat	Karta raportu	Табель звіту	成绩单	تقرير الأداء	رپورٹ کارڈ
doc.diploma	Diploma o licenza conclusiva	Nome documento.	Diploma or final license	diplôme ou licence définitive	Diplom oder endgültige Lizenz	Diploma o licencia definitiva	Diploma ou licença final	Диплом или окончательный лицензионный сертификат	Diplomë ose licencë përfundimtare	Diplomă sau licență definitivă	डिप्लोमा या अंतिम लाइसेंस	ਡਿਪਲੋਮਾ ਜਾਂ ਅੰਤਿਮ ਲਾਇਸੈਂਸ	ডিপ্লোমা বা চূড়ান্ত লাইসেন্স	Диплома или завршна лиценца	Diploma ili konačna licenca	Diploma veya nihai lisans	دیپلم یا آخرین گواهینامه	ډیپلوم یا وروستۍ جواز	Diploma o pangwakas na lisensya	Dyplom lub licencja końcowa	Диплом або остаточна ліцензія	文凭或最终执照	شهادة أو رخصة نهائية	ڈپلومہ یا حتمی لائسنس
doc.certificazione_competenze	Certificazione delle competenze	Nome documento.	Certification of skills	Certification des compétences	Kompetenzzertifizierung	Certificación de habilidades	Certificação de habilidades	Сертификация навыков	Certifikimi i aftësive	Certificarea competențelor	कौशल का प्रमाणीकरण	ਹੁਨਰਾਂ ਦਾ ਪ੍ਰਮਾਣੀਕਰਨ	দক্ষতার শংসাপত্র	Сертификација вештина	Certifikacija vještina	Becerilerin belgelendirilmesi	صدور گواهینامه مهارت	د مهارتونو تصدیق	Sertipikasyon ng mga kasanayan	Certyfikacja umiejętności	Сертифікація навичок	技能认证	شهادة المهارات	مہارت کی تصدیق
doc.invalsi	INVALSI	Nome documento.	INVALSI	INVALSI	INVALSI	INVALSI	INVALSI	ИНВАЛСИ	INVALSI	INVALSI	इनवाल्सी	ਇਨਵਾਲਸੀ	ইনভালসি	ИНВАЛСИ	INVALSI	INVALSI	اینوالسی	انوالسي	INVALSI	INVALSI	ІНВАЛЬСІ	无效	هراء	INVALSI
doc.documento_identita_studente	Documento di identità dello studente	Nome documento.	Student ID	Carte d'étudiant	Studentenausweis	Carné de estudiante	Identificação de estudante	Студенческий билет	ID e Studentit	ID-ul de student	स्टूडेंट आईडी	ਵਿਦਿਆਰਥੀ ਆਈਡੀ	শিক্ষার্থীর আইডি	Студентска идентификација	Studentska iskaznica	Öğrenci Kimliği	شناسه دانشجویی	د زده کونکي پېژندپاڼه	ID ng Mag-aaral	Legitymacja studencka	Студентський квиток	学生证	هوية الطالب	طالب علم کی شناخت
doc.codice_fiscale_studente	Codice fiscale dello studente	Nome documento.	Student tax code	Code fiscal étudiant	Studentensteuergesetz	Código tributario estudiantil	Código tributário estudantil	Налоговый кодекс для студентов	Kodi tatimor i studentit	Codul fiscal pentru studenți	छात्र कर संहिता	ਵਿਦਿਆਰਥੀ ਟੈਕਸ ਕੋਡ	ছাত্র কর কোড	Порески код за студенте	Porezni kod za studente	Öğrenci vergi kodu	کد مالیاتی دانشجویی	د زده کونکو د مالیې کوډ	Kodigo ng buwis ng mag-aaral	Kodeks podatkowy dla studentów	Податковий код студента	学生税法	قانون ضريبة الطلاب	طلباء کا ٹیکس کوڈ
doc.documento_identita_genitore_1	Documento di identità del responsabile 1	Nome documento.	Identity document of the person in charge 1	Pièce d'identité du responsable 1	Ausweisdokument der verantwortlichen Person 1	Documento de identidad de la persona a cargo 1	Documento de identidade do responsável 1	Документ, удостоверяющий личность ответственного лица 1	Dokument identifikimi i personit përgjegjës 1	Actul de identitate al persoanei responsabile 1	प्रभारी व्यक्ति का पहचान पत्र 1	ਇੰਚਾਰਜ ਵਿਅਕਤੀ ਦਾ ਪਛਾਣ ਦਸਤਾਵੇਜ਼ 1	দায়িত্বপ্রাপ্ত ব্যক্তির পরিচয়পত্র ১	Лична карта одговорног лица 1	Identifikacijski dokument odgovorne osobe 1	Sorumlu kişinin kimlik belgesi 1	مدرک شناسایی مسئول ۱	د مسؤل کس د هویت سند ۱	Dokumento ng pagkakakilanlan ng taong namamahala 1	Dokument tożsamości osoby odpowiedzialnej 1	Документ, що посвідчує особу відповідальної особи 1	负责人身份证件 1	وثيقة هوية الشخص المسؤول 1	انچارج شخص کی شناختی دستاویز 1
doc.codice_fiscale_genitore_1	Codice fiscale del responsabile 1	Nome documento.	Tax code of the person in charge 1	Code fiscal de la personne responsable 1	Steuerkennzeichen der verantwortlichen Person 1	Código fiscal de la persona a cargo 1	Código fiscal da pessoa responsável 1	Налоговый код ответственного лица 1	Kodi tatimor i personit përgjegjës 1	Codul fiscal al persoanei responsabile 1	प्रभारी व्यक्ति का कर कोड 1	ਇੰਚਾਰਜ ਵਿਅਕਤੀ ਦਾ ਟੈਕਸ ਕੋਡ 1	দায়িত্বপ্রাপ্ত ব্যক্তির কর কোড ১	Порески код одговорног лица 1	Porezni kod odgovorne osobe 1	Sorumlu kişinin vergi kodu 1	کد مالیاتی شخص مسئول ۱	د مسؤل کس د مالیې کوډ ۱	Kodigo ng buwis ng taong namamahala 1	Kod podatkowy osoby odpowiedzialnej 1	Податковий код відповідальної особи 1	负责人税号 1	الرمز الضريبي للشخص المسؤول 1	انچارج شخص کا ٹیکس کوڈ 1
doc.documento_identita_genitore_2	Documento di identità del responsabile 2	Nome documento.	Identity document of the person in charge 2	Pièce d'identité du responsable 2	Ausweisdokument der verantwortlichen Person 2	Documento de identidad de la persona a cargo 2	Documento de identidade do responsável 2	Документ, удостоверяющий личность ответственного лица 2	Dokument identifikimi i personit përgjegjës 2	Actul de identitate al persoanei responsabile 2	प्रभारी व्यक्ति का पहचान पत्र 2	ਇੰਚਾਰਜ ਵਿਅਕਤੀ ਦਾ ਪਛਾਣ ਦਸਤਾਵੇਜ਼ 2	দায়িত্বে থাকা ব্যক্তির পরিচয়পত্র ২	Лична карта одговорног лица 2	Identifikacijski dokument odgovorne osobe 2	Sorumlu kişinin kimlik belgesi 2	مدرک شناسایی مسئول ۲.	د مسؤل کس د هویت سند ۲	Dokumento ng pagkakakilanlan ng taong namamahala 2	Dokument tożsamości osoby odpowiedzialnej 2	Документ, що посвідчує особу відповідальної особи 2	负责人身份证件2	وثيقة هوية الشخص المسؤول 2	انچارج شخص کی شناختی دستاویز 2
doc.codice_fiscale_genitore_2	Codice fiscale del responsabile 2	Nome documento.	Tax code of the person in charge 2	Code fiscal de la personne responsable 2	Steuerkennzeichen der verantwortlichen Person 2	Código fiscal de la persona a cargo 2	Código fiscal do responsável 2	Налоговый код ответственного лица 2	Kodi tatimor i personit përgjegjës 2	Codul fiscal al persoanei responsabile 2	प्रभारी व्यक्ति का कर कोड 2	ਇੰਚਾਰਜ ਵਿਅਕਤੀ ਦਾ ਟੈਕਸ ਕੋਡ 2	দায়িত্বপ্রাপ্ত ব্যক্তির কর কোড ২	Порески код одговорног лица 2	Porezni kod odgovorne osobe 2	Sorumlu kişinin vergi kodu 2	کد مالیاتی شخص مسئول ۲	د مسؤل کس د مالیې کوډ ۲	Kodigo ng buwis ng taong namamahala 2	Kod podatkowy osoby odpowiedzialnej 2	Податковий код відповідальної особи 2	负责人的税号 2	رمز الضريبة للشخص المسؤول 2	انچارج شخص کا ٹیکس کوڈ 2
doc.attestazione_erogazione_liberale	Attestazione erogazione liberale PagoPA 50 euro	Nome documento facoltativo.	PagoPA 50 Euro Donation Certificate	Certificat de don PagoPA de 50 euros	PagoPA 50-Euro-Spendenzertifikat	Certificado de Donación PagoPA 50 Euros	Certificado de Doação PagoPA 50 Euros	Сертификат пожертвования PagoPA на 50 евро	Certifikata e Donacionit PagoPA 50 Euro	Certificat de donație PagoPA 50 euro	पागोपीए 50 यूरो दान प्रमाणपत्र	PagoPA 50 ਯੂਰੋ ਦਾਨ ਸਰਟੀਫਿਕੇਟ	PagoPA 50 ইউরো দান সার্টিফিকেট	ПагоПА сертификат о донацији од 50 евра	PagoPA potvrda o donaciji od 50 eura	PagoPA 50 Euro Bağış Sertifikası	گواهی اهدای PagoPA 50 یورو	د PagoPA 50 یورو بسپنه سند	PagoPA 50 Euro Donation Certificate	Certyfikat darowizny o wartości 50 euro PagoPA	Сертифікат пожертви PagoPA на 50 євро	PagoPA 50 欧元捐赠证书	شهادة التبرع باليورو PagoPA 50	PagoPA 50 یورو عطیہ سرٹیفکیٹ
doc.altro	Altro documento	Nome documento.	Other document	Autre document	Anderes Dokument	Otro documento	Outro documento	Другой документ	Dokument tjetër	Alt document	अन्य दस्तावेज़	ਹੋਰ ਦਸਤਾਵੇਜ਼	অন্যান্য নথি	Други документ	Drugi dokument	Diğer belge	سند دیگر	بل سند	Iba pang dokumento	Inny dokument	Інший документ	其他文件	وثيقة أخرى	دوسری دستاویز
privacy_page_title	Informativa privacy per i documenti di iscrizione	Titolo pagina privacy.	Privacy Policy for Registration Documents	Politique de confidentialité des documents d'inscription	Datenschutzrichtlinie für Registrierungsdokumente	Política de privacidad para documentos de registro	Política de Privacidade para Documentos de Registro	Политика конфиденциальности для регистрационных документов	Politika e Privatësisë për Dokumentet e Regjistrimit	Politica de confidențialitate pentru documentele de înregistrare	पंजीकरण दस्तावेजों के लिए गोपनीयता नीति	ਰਜਿਸਟ੍ਰੇਸ਼ਨ ਦਸਤਾਵੇਜ਼ਾਂ ਲਈ ਗੋਪਨੀਯਤਾ ਨੀਤੀ	নিবন্ধন নথির জন্য গোপনীয়তা নীতি	Политика приватности за регистрациона документа	Pravila privatnosti za registracijske dokumente	Kayıt Belgeleri için Gizlilik Politikası	سیاست حفظ حریم خصوصی برای اسناد ثبت نام	د نوم لیکنې د اسنادو د محرمیت پالیسي	Patakaran sa Pagkapribado para sa mga Dokumento ng Pagpaparehistro	Polityka prywatności dokumentów rejestracyjnych	Політика конфіденційності щодо реєстраційних документів	注册文件隐私政策	سياسة الخصوصية لوثائق التسجيل	رجسٹریشن دستاویزات کے لیے رازداری کی پالیسی
privacy_intro	Questa pagina spiega in modo sintetico perché vengono richiesti i documenti, come vengono usati e chi può consultarli.	Introduzione privacy.	This page briefly explains why documents are requested, how they are used, and who can access them.	Cette page explique brièvement pourquoi des documents sont demandés, comment ils sont utilisés et qui peut y accéder.	Auf dieser Seite wird kurz erläutert, warum Dokumente angefordert werden, wie sie verwendet werden und wer Zugriff darauf hat.	Esta página explica brevemente por qué se solicitan los documentos, cómo se utilizan y quién puede acceder a ellos.	Esta página explica brevemente por que os documentos são solicitados, como são utilizados e quem pode acessá-los.	На этой странице кратко объясняется, почему запрашиваются документы, как они используются и кто имеет к ним доступ.	Kjo faqe shpjegon shkurtimisht pse kërkohen dokumentet, si përdoren ato dhe kush mund t'i qaset atyre.	Această pagină explică pe scurt de ce sunt solicitate documentele, cum sunt utilizate și cine le poate accesa.	यह पृष्ठ संक्षेप में बताता है कि दस्तावेज़ क्यों मांगे जाते हैं, उनका उपयोग कैसे किया जाता है और कौन उन तक पहुंच सकता है।	ਇਹ ਪੰਨਾ ਸੰਖੇਪ ਵਿੱਚ ਦੱਸਦਾ ਹੈ ਕਿ ਦਸਤਾਵੇਜ਼ ਕਿਉਂ ਮੰਗੇ ਜਾਂਦੇ ਹਨ, ਉਹਨਾਂ ਦੀ ਵਰਤੋਂ ਕਿਵੇਂ ਕੀਤੀ ਜਾਂਦੀ ਹੈ, ਅਤੇ ਉਹਨਾਂ ਤੱਕ ਕੌਣ ਪਹੁੰਚ ਕਰ ਸਕਦਾ ਹੈ।	এই পৃষ্ঠায় সংক্ষেপে ব্যাখ্যা করা হয়েছে কেন নথিপত্রের জন্য অনুরোধ করা হয়, সেগুলি কীভাবে ব্যবহার করা হয় এবং কারা সেগুলিতে প্রবেশাধিকার পায়।	Ова страница укратко објашњава зашто се документи траже, како се користе и ко им може приступити.	Ova stranica ukratko objašnjava zašto se dokumenti traže, kako se koriste i tko im može pristupiti.	Bu sayfada belgelerin neden talep edildiği, nasıl kullanıldığı ve kimlerin erişebileceği kısaca açıklanmaktadır.	این صفحه به طور خلاصه توضیح می‌دهد که چرا اسناد درخواست می‌شوند، چگونه از آنها استفاده می‌شود و چه کسی می‌تواند به آنها دسترسی داشته باشد.	دا پاڼه په لنډه توګه تشریح کوي چې ولې اسناد غوښتل کیږي، څنګه کارول کیږي، او څوک ورته لاسرسی کولی شي.	Maikling ipinapaliwanag ng pahinang ito kung bakit hinihiling ang mga dokumento, paano ang mga ito ginagamit, at kung sino ang maaaring maka-access sa mga ito.	Na tej stronie pokrótce wyjaśniono, dlaczego żąda się dokumentów, w jaki sposób są wykorzystywane i kto może uzyskać do nich dostęp.	На цій сторінці коротко пояснюється, чому запитуються документи, як вони використовуються та хто має до них доступ.	本页简要说明为何需要文件、文件的用途以及谁可以访问文件。	تشرح هذه الصفحة بإيجاز سبب طلب المستندات، وكيفية استخدامها، ومن يمكنه الوصول إليها.	یہ صفحہ مختصراً بتاتا ہے کہ دستاویزات کیوں طلب کی جاتی ہیں، ان کا استعمال کیسے کیا جاتا ہے، اور کون ان تک رسائی حاصل کر سکتا ہے۔
privacy_why_title	Perché chiediamo i documenti	Titolo sezione privacy.	Why we ask for documents	Pourquoi nous demandons des documents	Warum wir Dokumente anfordern	Por qué solicitamos documentos	Por que solicitamos documentos?	Почему мы запрашиваем документы	Pse kërkojmë dokumente	De ce solicităm documente	हम दस्तावेज़ क्यों मांगते हैं?	ਅਸੀਂ ਦਸਤਾਵੇਜ਼ ਕਿਉਂ ਮੰਗਦੇ ਹਾਂ	কেন আমরা নথি চাই	Зашто тражимо документа	Zašto tražimo dokumente	Neden belge istiyoruz?	چرا ما درخواست اسناد می‌کنیم؟	ولې موږ د اسنادو غوښتنه کوو	Bakit kami humihingi ng mga dokumento	Dlaczego prosimy o dokumenty	Чому ми запитуємо документи	我们为什么要求提供文件	لماذا نطلب المستندات؟	ہم دستاویزات کیوں مانگتے ہیں۔
privacy_why_text	I documenti caricati o consegnati in segreteria didattica servono esclusivamente per completare la procedura di iscrizione al primo anno della scuola superiore, verificare i dati dichiarati e predisporre le attività scolastiche successive.	Testo sezione privacy.	The documents uploaded or submitted to the academic office are used exclusively to complete the enrollment process for the first year of high school, verify the data provided, and prepare subsequent school activities.	Les documents téléchargés ou soumis au bureau des affaires académiques sont utilisés exclusivement pour finaliser le processus d'inscription en première année de lycée, vérifier les données fournies et préparer les activités scolaires ultérieures.	Die beim Schulamt hochgeladenen oder eingereichten Dokumente dienen ausschließlich dazu, den Einschreibungsprozess für das erste Jahr der High School abzuschließen, die angegebenen Daten zu überprüfen und die weiteren Schulaktivitäten vorzubereiten.	Los documentos que se suben o se envían a la secretaría académica se utilizan exclusivamente para completar el proceso de matriculación para el primer año de bachillerato, verificar los datos proporcionados y preparar las actividades escolares posteriores.	Os documentos enviados ou entregues à secretaria acadêmica são utilizados exclusivamente para concluir o processo de matrícula do primeiro ano do ensino médio, verificar os dados fornecidos e preparar as atividades escolares subsequentes.	Документы, загруженные или предоставленные в учебный отдел, используются исключительно для завершения процесса зачисления на первый курс средней школы, проверки предоставленных данных и подготовки к последующим школьным мероприятиям.	Dokumentet e ngarkuara ose të dorëzuara në zyrën akademike përdoren ekskluzivisht për të përfunduar procesin e regjistrimit për vitin e parë të shkollës së mesme, për të verifikuar të dhënat e dhëna dhe për të përgatitur aktivitetet e mëvonshme shkollore.	Documentele încărcate sau depuse la secretariatul academic sunt folosite exclusiv pentru finalizarea procesului de înscriere pentru primul an de liceu, verificarea datelor furnizate și pregătirea activităților școlare ulterioare.	शैक्षणिक कार्यालय में अपलोड या जमा किए गए दस्तावेजों का उपयोग विशेष रूप से हाई स्कूल के पहले वर्ष के लिए नामांकन प्रक्रिया को पूरा करने, प्रदान किए गए डेटा को सत्यापित करने और बाद की स्कूल गतिविधियों की तैयारी के लिए किया जाता है।	ਅਕਾਦਮਿਕ ਦਫ਼ਤਰ ਵਿੱਚ ਅੱਪਲੋਡ ਕੀਤੇ ਜਾਂ ਜਮ੍ਹਾਂ ਕੀਤੇ ਗਏ ਦਸਤਾਵੇਜ਼ਾਂ ਦੀ ਵਰਤੋਂ ਵਿਸ਼ੇਸ਼ ਤੌਰ 'ਤੇ ਹਾਈ ਸਕੂਲ ਦੇ ਪਹਿਲੇ ਸਾਲ ਲਈ ਦਾਖਲਾ ਪ੍ਰਕਿਰਿਆ ਨੂੰ ਪੂਰਾ ਕਰਨ, ਪ੍ਰਦਾਨ ਕੀਤੇ ਗਏ ਡੇਟਾ ਦੀ ਪੁਸ਼ਟੀ ਕਰਨ ਅਤੇ ਬਾਅਦ ਦੀਆਂ ਸਕੂਲ ਗਤੀਵਿਧੀਆਂ ਨੂੰ ਤਿਆਰ ਕਰਨ ਲਈ ਕੀਤੀ ਜਾਂਦੀ ਹੈ।	একাডেমিক অফিসে আপলোড বা জমা দেওয়া নথিগুলো শুধুমাত্র উচ্চ বিদ্যালয়ের প্রথম বর্ষে ভর্তি প্রক্রিয়া সম্পন্ন করতে, প্রদত্ত তথ্য যাচাই করতে এবং পরবর্তী স্কুল কার্যক্রমের প্রস্তুতি নিতে ব্যবহৃত হয়।	Документи отпремљени или достављени академској канцеларији користе се искључиво за завршетак процеса уписа у прву годину средње школе, проверу достављених података и припрему наредних школских активности.	Dokumenti preneseni ili dostavljeni u akademski ured koriste se isključivo za dovršetak postupka upisa u prvu godinu srednje škole, provjeru dostavljenih podataka i pripremu sljedećih školskih aktivnosti.	Akademik ofise yüklenen veya teslim edilen belgeler, yalnızca lise birinci sınıf kayıt işlemini tamamlamak, verilen verileri doğrulamak ve sonraki okul etkinliklerini hazırlamak için kullanılır.	مدارکی که بارگذاری یا به دفتر آموزشی ارائه می‌شوند، منحصراً برای تکمیل فرآیند ثبت نام برای سال اول دبیرستان، تأیید اطلاعات ارائه شده و آماده‌سازی فعالیت‌های بعدی مدرسه استفاده می‌شوند.	هغه اسناد چې اکاډمیک دفتر ته اپلوډ شوي یا سپارل شوي دي په ځانګړي ډول د لیسې د لومړي کال لپاره د نوم لیکنې پروسې بشپړولو، چمتو شوي معلوماتو تصدیق کولو، او د ښوونځي وروسته فعالیتونو چمتو کولو لپاره کارول کیږي.	Ang mga dokumentong in-upload o isinumite sa opisina ng akademiko ay ginagamit lamang upang makumpleto ang proseso ng pagpapatala para sa unang taon ng hayskul, beripikahin ang ibinigay na datos, at ihanda ang mga susunod na aktibidad sa paaralan.	Dokumenty przesłane lub złożone w dziekanacie służą wyłącznie do przeprowadzenia procesu rekrutacji na pierwszy rok szkoły średniej, weryfikacji dostarczonych danych oraz przygotowania kolejnych zajęć szkolnych.	Документи, завантажені або подані до академічного відділу, використовуються виключно для завершення процесу зарахування на перший курс середньої школи, перевірки наданих даних та підготовки подальших шкільних заходів.	上传或提交给教务处的文件仅用于完成高中第一年的入学手续、核实所提供的数据以及准备后续的学校活动。	تُستخدم المستندات التي يتم تحميلها أو تقديمها إلى المكتب الأكاديمي حصريًا لإكمال عملية التسجيل للسنة الأولى من المدرسة الثانوية، والتحقق من البيانات المقدمة، وإعداد الأنشطة المدرسية اللاحقة.	اکیڈمک آفس میں اپ لوڈ یا جمع کرائے گئے دستاویزات کو ہائی اسکول کے پہلے سال کے اندراج کے عمل کو مکمل کرنے، فراہم کردہ ڈیٹا کی تصدیق، اور بعد میں اسکول کی سرگرمیاں تیار کرنے کے لیے خصوصی طور پر استعمال کیا جاتا ہے۔
privacy_docs_title	Quali documenti possono essere richiesti	Titolo sezione privacy.	What documents can be requested	Quels documents peuvent être demandés ?	Welche Dokumente können angefordert werden?	¿Qué documentos se pueden solicitar?	Que documentos podem ser solicitados?	Какие документы можно запросить?	Cilat dokumente mund të kërkohen	Ce documente pot fi solicitate	किन दस्तावेजों का अनुरोध किया जा सकता है?	ਕਿਹੜੇ ਦਸਤਾਵੇਜ਼ ਮੰਗੇ ਜਾ ਸਕਦੇ ਹਨ	কী কী নথিপত্র অনুরোধ করা যেতে পারে	Која документа се могу тражити	Koji se dokumenti mogu tražiti	Hangi belgeler talep edilebilir?	چه مدارکی را می‌توان درخواست کرد	کوم اسناد غوښتل کیدی شي	Anong mga dokumento ang maaaring hilingin	Jakie dokumenty można zażądać	Які документи можна запросити	可以申请哪些文件	ما هي المستندات التي يمكن طلبها؟	کن دستاویزات کی درخواست کی جا سکتی ہے۔
privacy_doc_1	Pagella o documento di valutazione.	Elenco documenti privacy.	Report card or evaluation document.	Bulletin scolaire ou document d'évaluation.	Zeugnis oder Bewertungsdokument.	Boletín de calificaciones o documento de evaluación.	Boletim escolar ou documento de avaliação.	Табель успеваемости или оценочный документ.	Raport ose dokument vlerësimi.	Fișă de note sau document de evaluare.	रिपोर्ट कार्ड या मूल्यांकन दस्तावेज।	ਰਿਪੋਰਟ ਕਾਰਡ ਜਾਂ ਮੁਲਾਂਕਣ ਦਸਤਾਵੇਜ਼।	রিপোর্ট কার্ড বা মূল্যায়ন নথি।	Извештај или документ о евалуацији.	Izvješće ili dokument o ocjenjivanju.	Karne veya değerlendirme belgesi.	کارت گزارش یا سند ارزیابی.	د راپور کارت یا ارزونې سند.	Report card o dokumento ng ebalwasyon.	Świadectwo lub dokument oceny.	Табель успішності або документ з оцінювання.	成绩单或评估文件。	تقرير دراسي أو وثيقة تقييم.	رپورٹ کارڈ یا تشخیصی دستاویز۔
privacy_doc_2	Diploma o licenza conclusiva del primo ciclo.	Elenco documenti privacy.	Diploma or qualification completing the first cycle.	Diplôme ou qualification complétant le premier cycle.	Diplom oder Qualifikation nach Abschluss des ersten Zyklus.	Diploma o titulación que acredite la finalización del primer ciclo.	Diploma ou qualificação que complete o primeiro ciclo.	Диплом или квалификация, подтверждающая завершение первого цикла обучения.	Diplomë ose kualifikim që përfundon ciklin e parë.	Diplomă sau calificare care absolvă primul ciclu.	डिप्लोमा या योग्यता का पहला चक्र पूरा करना।	ਪਹਿਲਾ ਚੱਕਰ ਪੂਰਾ ਕਰਨ ਵਾਲਾ ਡਿਪਲੋਮਾ ਜਾਂ ਯੋਗਤਾ।	ডিপ্লোমা বা যোগ্যতা যা প্রথম চক্র সম্পন্ন করেছে।	Диплома или квалификација којом се завршава први циклус.	Diploma ili kvalifikacija kojom se završava prvi ciklus.	Diploma veya yeterlilik belgesinin ilk aşamasını tamamlamak.	دیپلم یا مدرک تحصیلی که دوره اول را تکمیل می‌کند.	د لومړي دورې بشپړولو لپاره ډیپلوم یا وړتیا.	Diploma o kwalipikasyon na nakakumpleto sa unang siklo.	Dyplom lub kwalifikacje kończące pierwszy cykl.	Диплом або кваліфікація, що завершує перший цикл.	完成第一阶段学习并获得文凭或资格证书。	شهادة أو مؤهل يُكمل الدورة الأولى.	ڈپلومہ یا قابلیت پہلا چکر مکمل کرنا۔
privacy_doc_3	Certificazione delle competenze.	Elenco documenti privacy.	Certification of skills.	Certification des compétences.	Zertifizierung von Fähigkeiten.	Certificación de habilidades.	Certificação de competências.	Сертификация навыков.	Certifikimi i aftësive.	Certificarea competențelor.	कौशल का प्रमाणन।	ਹੁਨਰਾਂ ਦਾ ਪ੍ਰਮਾਣੀਕਰਨ।	দক্ষতার সনদপত্র।	Сертификација вештина.	Certifikacija vještina.	Becerilerin belgelendirilmesi.	صدور گواهینامه مهارت.	د مهارتونو تصدیق.	Sertipikasyon ng mga kasanayan.	Certyfikacja umiejętności.	Сертифікація навичок.	技能认证。	شهادة المهارات.	مہارت کی تصدیق۔
privacy_doc_4	Documentazione INVALSI.	Elenco documenti privacy.	INVALSI documentation.	Documentation INVALSI.	INVALSI-Dokumentation.	Documentación de INVALSI.	Documentação INVALSI.	Документация INVALSI.	Dokumentacioni INVALSI.	Documentația INVALSI.	INVALSI दस्तावेज़ीकरण।	INVALSI ਦਸਤਾਵੇਜ਼।	INVALSI ডকুমেন্টেশন।	ИНВАЛСИ документација.	INVALSI dokumentacija.	INVALSI dokümantasyonu.	مستندات INVALSI.	د INVALSI اسناد.	Dokumentasyon ng INVALSI.	Dokumentacja INVALSI.	Документація INVALSI.	INVALSI 文档。	وثائق INVALSI.	INVALSI دستاویزات۔
privacy_doc_5	Documenti di identità dello studente e dei responsabili.	Elenco documenti privacy.	Identity documents of the student and those responsible.	Documents d'identité de l'étudiant et des personnes responsables.	Ausweisdokumente des Schülers und der Verantwortlichen.	Documentos de identidad del estudiante y de los responsables.	Documentos de identidade do aluno e dos responsáveis.	Документы, удостоверяющие личность студента и ответственных лиц.	Dokumentet e identitetit të studentit dhe të personave përgjegjës.	Actele de identitate ale elevului și ale persoanelor responsabile.	छात्र और उसके प्रति जिम्मेदार व्यक्तियों के पहचान पत्र।	ਵਿਦਿਆਰਥੀ ਅਤੇ ਜ਼ਿੰਮੇਵਾਰ ਵਿਅਕਤੀਆਂ ਦੇ ਪਛਾਣ ਦਸਤਾਵੇਜ਼।	শিক্ষার্থী এবং দায়িত্বপ্রাপ্ত ব্যক্তিদের পরিচয়পত্র।	Лична документа студента и одговорних лица.	Identifikacijske isprave studenta i odgovornih osoba.	Öğrencinin ve sorumlu kişilerin kimlik belgeleri.	مدارک شناسایی دانش آموز و افراد مسئول.	د زده کونکي او مسؤلینو د هویت اسناد.	Mga dokumento ng pagkakakilanlan ng estudyante at ng mga responsable.	Dokumenty tożsamości ucznia i osób odpowiedzialnych.	Документи, що посвідчують особу студента та відповідальних осіб.	学生及监护人的身份证明文件。	وثائق هوية الطالب والمسؤولين عنه.	طالب علم اور ذمہ داروں کی شناختی دستاویزات۔
privacy_doc_6	Codici fiscali dello studente e dei responsabili.	Elenco documenti privacy.	Tax codes of the student and those responsible.	Codes fiscaux de l'étudiant et des personnes responsables.	Steuerkennzeichen des Studenten und der Verantwortlichen.	Códigos fiscales del estudiante y de los responsables.	Códigos fiscais do estudante e dos responsáveis.	Налоговые кодексы студента и ответственных лиц.	Kodet tatimore të studentit dhe të atyre që janë përgjegjës.	Codurile fiscale ale studentului și ale celor responsabili.	छात्र और उसके लिए जिम्मेदार व्यक्तियों के कर संबंधी नियम।	ਵਿਦਿਆਰਥੀ ਅਤੇ ਜ਼ਿੰਮੇਵਾਰ ਵਿਅਕਤੀਆਂ ਦੇ ਟੈਕਸ ਕੋਡ।	শিক্ষার্থী এবং দায়িত্বপ্রাপ্ত ব্যক্তিদের কর বিধি।	Порески кодови студента и одговорних лица.	Porezni kodovi studenta i odgovornih osoba.	Öğrencinin ve sorumlu kişilerin vergi kodları.	قوانین مالیاتی دانشجو و افراد مسئول.	د زده کونکي او مسؤلینو د مالیې کوډونه.	Mga kodigo sa buwis ng estudyante at ng mga responsable.	Kody podatkowe studenta i osób odpowiedzialnych.	Податкові коди студента та відповідальних осіб.	学生及其监护人的税号。	الرموز الضريبية للطالب والمسؤولين عنه.	طالب علم اور ذمہ داروں کے ٹیکس کوڈز۔
privacy_doc_7	Eventuale attestazione dell'erogazione liberale PagoPA, se richiesta o disponibile.	Elenco documenti privacy.	Any PagoPA donation certification, if requested or available.	Toute attestation de don à PagoPA, sur demande ou si disponible.	Jegliche PagoPA-Spendenbescheinigung, falls angefordert oder verfügbar.	Cualquier certificado de donación de PagoPA, si se solicita o está disponible.	Qualquer certificado de doação PagoPA, se solicitado ou disponível.	Любое подтверждение пожертвования PagoPA, если таковое требуется или имеется.	Çdo certifikim donacioni nga PagoPA, nëse kërkohet ose është i disponueshëm.	Orice certificare de donație PagoPA, dacă este solicitată sau disponibilă.	अनुरोध किए जाने या उपलब्ध होने पर, PagoPA द्वारा किए गए दान का कोई भी प्रमाण पत्र।	ਕੋਈ ਵੀ PagoPA ਦਾਨ ਪ੍ਰਮਾਣੀਕਰਣ, ਜੇਕਰ ਬੇਨਤੀ ਕੀਤੀ ਜਾਂਦੀ ਹੈ ਜਾਂ ਉਪਲਬਧ ਹੁੰਦੀ ਹੈ।	PagoPA-তে অনুদানের যেকোনো শংসাপত্র, যদি অনুরোধ করা হয় বা উপলব্ধ থাকে।	Било која потврда о донацији од стране PagoPA, ако је затражена или доступна.	Bilo koja potvrda o donaciji PagoPA-e, ako je zatražena ili dostupna.	İstenmesi halinde veya mevcut olması durumunda, PagoPA bağış belgesi.	هرگونه گواهی اهدای عضو PagoPA، در صورت درخواست یا در دسترس بودن.	د PagoPA د بسپنې هر ډول تصدیق، که غوښتنه شوې وي یا شتون ولري.	Anumang sertipikasyon ng donasyon ng PagoPA, kung hiniling o makukuha.	Wszelkie certyfikaty darowizn PagoPA, o ile są wymagane lub dostępne.	Будь-яке підтвердження пожертвування PagoPA, якщо воно запитується або є.	如有需要或可提供，可提供 PagoPA 捐赠证明。	أي شهادة تبرع من PagoPA، إذا طُلبت أو كانت متاحة.	کوئی PagoPA عطیہ سرٹیفیکیشن، اگر درخواست کی گئی ہو یا دستیاب ہو۔
privacy_doc_8	Eventuali altri documenti necessari alla pratica di iscrizione.	Elenco documenti privacy.	Any other documents required for the registration process.	Tout autre document requis pour la procédure d'inscription.	Alle weiteren für den Registrierungsprozess erforderlichen Dokumente.	Cualquier otro documento necesario para el proceso de registro.	Quaisquer outros documentos necessários para o processo de inscrição.	Любые другие документы, необходимые для процесса регистрации.	Çdo dokument tjetër i nevojshëm për procesin e regjistrimit.	Orice alte documente necesare pentru procesul de înregistrare.	पंजीकरण प्रक्रिया के लिए आवश्यक कोई अन्य दस्तावेज।	ਰਜਿਸਟ੍ਰੇਸ਼ਨ ਪ੍ਰਕਿਰਿਆ ਲਈ ਲੋੜੀਂਦੇ ਕੋਈ ਹੋਰ ਦਸਤਾਵੇਜ਼।	নিবন্ধন প্রক্রিয়ার জন্য প্রয়োজনীয় অন্য যেকোনো কাগজপত্র।	Сва остала документа потребна за процес регистрације.	Svi ostali dokumenti potrebni za proces registracije.	Kayıt işlemi için gerekli diğer belgeler.	سایر مدارک مورد نیاز برای فرآیند ثبت نام.	د نوم لیکنې پروسې لپاره نور اړین اسناد.	Anumang iba pang mga dokumento na kinakailangan para sa proseso ng pagpaparehistro.	Wszelkie inne dokumenty wymagane w procesie rejestracji.	Будь-які інші документи, необхідні для процесу реєстрації.	注册过程中所需的其他任何文件。	أي مستندات أخرى مطلوبة لعملية التسجيل.	رجسٹریشن کے عمل کے لیے درکار دیگر دستاویزات۔
privacy_use_title	Come vengono usati	Titolo sezione privacy.	How they are used	Comment ils sont utilisés	Wie sie verwendet werden	Cómo se utilizan	Como eles são usados	Как они используются	Si përdoren ato	Cum sunt utilizate	उनका उपयोग कैसे किया जाता है	ਇਹਨਾਂ ਦੀ ਵਰਤੋਂ ਕਿਵੇਂ ਕੀਤੀ ਜਾਂਦੀ ਹੈ	কীভাবে সেগুলি ব্যবহার করা হয়	Како се користе	Kako se koriste	Nasıl kullanıldıkları	چگونه از آنها استفاده می‌شود	څنګه کارول کیږي	Paano ginagamit ang mga ito	Jak są używane	Як вони використовуються	它们是如何使用的	كيفية استخدامها	وہ کس طرح استعمال ہوتے ہیں۔
privacy_use_text	I documenti vengono usati dalla segreteria didattica e dal personale scolastico autorizzato per la gestione amministrativa dell'iscrizione, la verifica della completezza della pratica e, dove previsto, per supportare le attività di accoglienza e formazione delle classi.	Testo sezione privacy.	The documents are used by the academic office and authorized school staff to manage the registration process, verify the completeness of the application, and, where applicable, to support the welcoming and training of classes.	Ces documents sont utilisés par le bureau des affaires académiques et le personnel scolaire autorisé pour gérer le processus d'inscription, vérifier l'exhaustivité de la demande et, le cas échéant, pour faciliter l'accueil et la formation des classes.	Die Dokumente werden vom akademischen Büro und autorisierten Schulmitarbeitern verwendet, um den Registrierungsprozess zu verwalten, die Vollständigkeit des Antrags zu überprüfen und gegebenenfalls die Begrüßung und Ausbildung von Klassen zu unterstützen.	La secretaría académica y el personal autorizado del centro utilizan estos documentos para gestionar el proceso de matriculación, verificar que la solicitud esté completa y, en su caso, para facilitar la acogida y la formación de los alumnos.	Os documentos são utilizados pela secretaria acadêmica e pelos funcionários escolares autorizados para gerenciar o processo de matrícula, verificar se a inscrição está completa e, quando aplicável, para apoiar o acolhimento e a formação das turmas.	Эти документы используются учебным отделом и уполномоченными сотрудниками школы для управления процессом регистрации, проверки полноты заявления и, при необходимости, для поддержки приема и обучения студентов.	Dokumentet përdoren nga zyra akademike dhe stafi i autorizuar i shkollës për të menaxhuar procesin e regjistrimit, për të verifikuar plotësinë e aplikimit dhe, kur është e aplikueshme, për të mbështetur pritjen dhe trajnimin e klasave.	Documentele sunt utilizate de către secretariatul academic și personalul autorizat al școlii pentru a gestiona procesul de înscriere, a verifica completitudinea cererii și, acolo unde este cazul, pentru a sprijini primirea și instruirea claselor.	इन दस्तावेजों का उपयोग शैक्षणिक कार्यालय और अधिकृत विद्यालय के कर्मचारियों द्वारा पंजीकरण प्रक्रिया का प्रबंधन करने, आवेदन की पूर्णता को सत्यापित करने और, जहां लागू हो, कक्षाओं के स्वागत और प्रशिक्षण में सहायता करने के लिए किया जाता है।	ਦਸਤਾਵੇਜ਼ਾਂ ਦੀ ਵਰਤੋਂ ਅਕਾਦਮਿਕ ਦਫ਼ਤਰ ਅਤੇ ਅਧਿਕਾਰਤ ਸਕੂਲ ਸਟਾਫ਼ ਦੁਆਰਾ ਰਜਿਸਟ੍ਰੇਸ਼ਨ ਪ੍ਰਕਿਰਿਆ ਦਾ ਪ੍ਰਬੰਧਨ ਕਰਨ, ਅਰਜ਼ੀ ਦੀ ਸੰਪੂਰਨਤਾ ਦੀ ਪੁਸ਼ਟੀ ਕਰਨ, ਅਤੇ ਜਿੱਥੇ ਲਾਗੂ ਹੋਵੇ, ਕਲਾਸਾਂ ਦੇ ਸਵਾਗਤ ਅਤੇ ਸਿਖਲਾਈ ਦਾ ਸਮਰਥਨ ਕਰਨ ਲਈ ਕੀਤੀ ਜਾਂਦੀ ਹੈ।	এই নথিগুলো একাডেমিক অফিস এবং স্কুলের অনুমোদিত কর্মচারীরা নিবন্ধন প্রক্রিয়া পরিচালনা করতে, আবেদনের সম্পূর্ণতা যাচাই করতে এবং প্রযোজ্য ক্ষেত্রে, ক্লাসগুলোর স্বাগত জানানো ও প্রশিক্ষণে সহায়তা করার জন্য ব্যবহার করে থাকেন।	Документа користе академска канцеларија и овлашћено школско особље за управљање процесом регистрације, проверу потпуности пријаве и, где је то потребно, за подршку пријему и обуци ученика.	Dokumente koristi akademski ured i ovlašteno školsko osoblje za upravljanje postupkom registracije, provjeru potpunosti prijave i, gdje je to primjenjivo, za podršku prijemu i održavanju nastave.	Bu belgeler, akademik ofis ve yetkili okul personeli tarafından kayıt sürecini yönetmek, başvurunun eksiksizliğini doğrulamak ve gerektiğinde sınıfların karşılanması ve eğitimine destek olmak amacıyla kullanılmaktadır.	این اسناد توسط دفتر آموزشی و کارکنان مجاز مدرسه برای مدیریت فرآیند ثبت نام، تأیید تکمیل درخواست و در صورت لزوم، برای پشتیبانی از استقبال و آموزش کلاس‌ها استفاده می‌شوند.	دا اسناد د اکاډمیک دفتر او د ښوونځي مجاز کارمندانو لخوا د نوم لیکنې پروسې اداره کولو، د غوښتنلیک بشپړتیا تاییدولو، او چیرې چې د تطبیق وړ وي، د ټولګیو د هرکلي او روزنې ملاتړ لپاره کارول کیږي.	Ang mga dokumento ay ginagamit ng akademikong tanggapan at mga awtorisadong kawani ng paaralan upang pamahalaan ang proseso ng pagpaparehistro, beripikahin ang pagkakumpleto ng aplikasyon, at, kung naaangkop, upang suportahan ang pagtanggap at pagsasanay ng mga klase.	Dokumenty te służą sekretariatowi szkoły i upoważnionemu personelowi do zarządzania procesem rejestracji, weryfikacji kompletności wniosku oraz, w stosownych przypadkach, do wspierania procesu przyjmowania i szkolenia klas.	Ці документи використовуються академічним офісом та уповноваженим персоналом школи для управління процесом реєстрації, перевірки повноти заявки та, де це можливо, для підтримки зустрічі та навчання класів.	这些文件由教务处和授权的学校工作人员用于管理注册流程、核实申请的完整性，并在适用的情况下，用于支持新生入学和培训。	تستخدم هذه الوثائق من قبل المكتب الأكاديمي وموظفي المدرسة المعتمدين لإدارة عملية التسجيل، والتحقق من اكتمال الطلب، وعند الاقتضاء، لدعم استقبال وتدريب الفصول الدراسية.	دستاویزات کا استعمال اکیڈمک آفس اور اسکول کا مجاز عملہ رجسٹریشن کے عمل کو منظم کرنے، درخواست کے مکمل ہونے کی تصدیق کرنے، اور جہاں قابل اطلاق ہو، کلاسوں کے استقبال اور تربیت میں مدد کے لیے استعمال کرتا ہے۔
privacy_access_title	Consultazione e accesso	Titolo sezione privacy.	Consultation and access	Consultation et accès	Beratung und Zugang	Consulta y acceso	Consulta e acesso	Консультации и доступ	Konsultimi dhe qasja	Consultare și acces	परामर्श और पहुंच	ਸਲਾਹ-ਮਸ਼ਵਰਾ ਅਤੇ ਪਹੁੰਚ	পরামর্শ এবং প্রবেশাধিকার	Консултације и приступ	Konzultacije i pristup	Danışma ve erişim	مشاوره و دسترسی	مشوره او لاسرسی	Konsultasyon at pag-access	Konsultacje i dostęp	Консультація та доступ	咨询和访问	الاستشارة والوصول	مشاورت اور رسائی
privacy_access_text	L'accesso ai documenti è limitato al personale autorizzato della scuola. I documenti non sono pubblici e non vengono usati per finalità diverse da quelle connesse alla procedura di iscrizione e agli adempimenti scolastici.	Testo sezione privacy.	Access to documents is limited to authorized school personnel. They are not public and are not used for purposes other than those related to the enrollment process and school-related obligations.	L'accès aux documents est limité au personnel scolaire autorisé. Ils ne sont pas publics et ne sont utilisés qu'à des fins liées au processus d'inscription et aux obligations scolaires.	Der Zugriff auf die Dokumente ist auf autorisiertes Schulpersonal beschränkt. Sie sind nicht öffentlich und werden ausschließlich für Zwecke im Zusammenhang mit dem Einschreibungsprozess und schulischen Verpflichtungen verwendet.	El acceso a los documentos está restringido al personal escolar autorizado. No son públicos y no se utilizan para fines distintos a los relacionados con el proceso de matriculación y las obligaciones escolares.	O acesso aos documentos é restrito a funcionários escolares autorizados. Eles não são públicos e não são utilizados para fins que não estejam relacionados ao processo de matrícula e às obrigações escolares.	Доступ к документам ограничен уполномоченным персоналом школы. Они не являются общедоступными и не используются ни для каких целей, кроме тех, которые связаны с процессом зачисления и выполнением обязанностей, связанных со школой.	Qasja në dokumente është e kufizuar vetëm për personelin e autorizuar të shkollës. Ato nuk janë publike dhe nuk përdoren për qëllime të tjera përveç atyre që lidhen me procesin e regjistrimit dhe detyrimet që lidhen me shkollën.	Accesul la documente este limitat la personalul autorizat al școlii. Acestea nu sunt publice și nu sunt utilizate în alte scopuri decât cele legate de procesul de înscriere și de obligațiile școlare.	दस्तावेजों तक पहुंच केवल अधिकृत विद्यालय कर्मियों तक ही सीमित है। ये दस्तावेज सार्वजनिक नहीं हैं और इनका उपयोग नामांकन प्रक्रिया और विद्यालय संबंधी दायित्वों के अलावा किसी अन्य उद्देश्य के लिए नहीं किया जाता है।	ਦਸਤਾਵੇਜ਼ਾਂ ਤੱਕ ਪਹੁੰਚ ਅਧਿਕਾਰਤ ਸਕੂਲ ਕਰਮਚਾਰੀਆਂ ਤੱਕ ਸੀਮਿਤ ਹੈ। ਇਹ ਜਨਤਕ ਨਹੀਂ ਹਨ ਅਤੇ ਦਾਖਲਾ ਪ੍ਰਕਿਰਿਆ ਅਤੇ ਸਕੂਲ ਨਾਲ ਸਬੰਧਤ ਜ਼ਿੰਮੇਵਾਰੀਆਂ ਤੋਂ ਇਲਾਵਾ ਹੋਰ ਉਦੇਸ਼ਾਂ ਲਈ ਨਹੀਂ ਵਰਤੇ ਜਾਂਦੇ ਹਨ।	শুধুমাত্র অনুমোদিত স্কুল কর্মীদেরই নথিপত্র দেখার সুযোগ রয়েছে। এগুলি সর্বজনীন নয় এবং ভর্তি প্রক্রিয়া ও স্কুল-সম্পর্কিত দায়িত্ব ছাড়া অন্য কোনো উদ্দেশ্যে ব্যবহার করা হয় না।	Приступ документима је ограничен на овлашћено школско особље. Они нису јавни и не користе се у сврхе које нису везане за процес уписа и школске обавезе.	Pristup dokumentima ograničen je na ovlašteno školsko osoblje. Nisu javni i ne koriste se u svrhe osim onih koje se odnose na proces upisa i školske obveze.	Belgelere erişim yalnızca yetkili okul personeliyle sınırlıdır. Belgeler kamuya açık değildir ve kayıt süreci ve okul ile ilgili yükümlülükler dışında başka amaçlar için kullanılmaz.	دسترسی به اسناد محدود به پرسنل مجاز مدرسه است. این اسناد عمومی نیستند و برای اهدافی غیر از موارد مرتبط با فرآیند ثبت نام و تعهدات مربوط به مدرسه استفاده نمی‌شوند.	اسنادو ته لاسرسی د ښوونځي د مجاز کارمندانو پورې محدود دی. دا عامه نه دي او د نوم لیکنې پروسې او د ښوونځي پورې اړوند مکلفیتونو پرته د نورو موخو لپاره نه کارول کیږي.	Ang mga awtorisadong tauhan ng paaralan ang may karapatang makakuha ng mga dokumento. Hindi ito pampubliko at hindi ginagamit para sa mga layunin maliban sa mga may kaugnayan sa proseso ng pagpapatala at mga obligasyon na may kaugnayan sa paaralan.	Dostęp do dokumentów mają wyłącznie upoważnieni pracownicy szkoły. Dokumenty nie są publiczne i nie są wykorzystywane do celów innych niż te związane z procesem rekrutacji i obowiązkami szkolnymi.	Доступ до документів обмежений уповноваженим персоналом школи. Вони не є загальнодоступними та не використовуються для цілей, окрім тих, що пов’язані з процесом зарахування та зобов’язаннями, пов’язаними зі школою.	只有获得授权的学校人员才能查阅这些文件。这些文件不对外公开，​​也不会用于入学流程和学校相关义务以外的任何用途。	يقتصر الوصول إلى الوثائق على موظفي المدرسة المصرح لهم. وهي غير متاحة للعامة ولا تُستخدم لأغراض أخرى غير تلك المتعلقة بعملية التسجيل والالتزامات المدرسية.	دستاویزات تک رسائی اسکول کے مجاز اہلکاروں تک محدود ہے۔ وہ عوامی نہیں ہیں اور اندراج کے عمل اور اسکول سے متعلقہ ذمہ داریوں کے علاوہ دیگر مقاصد کے لیے استعمال نہیں ہوتے ہیں۔
privacy_delivery_title	Caricamento online o consegna cartacea	Titolo sezione privacy.	Online upload or paper delivery	Téléchargement en ligne ou livraison papier	Online-Upload oder Papierzustellung	Carga en línea o entrega en papel	Envio online ou entrega em papel	Загрузка в режиме онлайн или доставка в бумажном виде.	Ngarkim online ose dërgesë në letër	Încărcare online sau livrare pe hârtie	ऑनलाइन अपलोड या पेपर डिलीवरी	ਔਨਲਾਈਨ ਅਪਲੋਡ ਜਾਂ ਕਾਗਜ਼ ਡਿਲੀਵਰੀ	অনলাইন আপলোড বা কাগজের ডেলিভারি	Онлајн отпремање или достава папира	Online učitavanje ili dostava papira	Çevrimiçi yükleme veya kağıt teslimi	آپلود آنلاین یا تحویل کاغذی	آنلاین اپلوډ یا د کاغذ تحویلي	Pag-upload o paghahatid ng papel online	Przesyłanie online lub dostarczanie papierowe	Завантаження онлайн або доставка паперових матеріалів	在线上传或纸质递送	التحميل عبر الإنترنت أو التسليم الورقي	آن لائن اپ لوڈ یا کاغذ کی ترسیل
privacy_delivery_text	La famiglia può caricare i documenti tramite questa pagina oppure indicare che consegnerà una fotocopia in segreteria didattica. In entrambi i casi l'informazione viene registrata nella pratica di iscrizione.	Testo sezione privacy.	Families can upload documents via this page or indicate that they will submit a photocopy to the school office. In either case, the information will be recorded in the enrollment process.	Les familles peuvent télécharger les documents via cette page ou indiquer qu'elles remettront une photocopie au secrétariat de l'école. Dans les deux cas, ces informations seront enregistrées lors de l'inscription.	Familien können Dokumente über diese Seite hochladen oder angeben, dass sie eine Kopie im Schulsekretariat einreichen werden. In beiden Fällen werden die Informationen im Rahmen des Anmeldeverfahrens erfasst.	Las familias pueden subir los documentos a través de esta página o indicar que entregarán una fotocopia en la secretaría del colegio. En ambos casos, la información quedará registrada en el proceso de matrícula.	As famílias podem enviar documentos por meio desta página ou indicar que entregarão uma fotocópia na secretaria da escola. Em ambos os casos, as informações serão registradas no processo de matrícula.	Семьи могут загружать документы через эту страницу или указать, что они предоставят ксерокопию в школьную канцелярию. В любом случае, информация будет внесена в процесс зачисления.	Familjet mund të ngarkojnë dokumente nëpërmjet kësaj faqeje ose të tregojnë se do të dorëzojnë një fotokopje në zyrën e shkollës. Në të dyja rastet, informacioni do të regjistrohet në procesin e regjistrimit.	Familiile pot încărca documente prin intermediul acestei pagini sau pot indica faptul că vor trimite o fotocopie la secretariatul școlii. În ambele cazuri, informațiile vor fi înregistrate în procesul de înscriere.	परिवार इस पेज के माध्यम से दस्तावेज़ अपलोड कर सकते हैं या स्कूल कार्यालय में फोटोकॉपी जमा करने का विकल्प चुन सकते हैं। दोनों ही मामलों में, यह जानकारी नामांकन प्रक्रिया में दर्ज की जाएगी।	ਪਰਿਵਾਰ ਇਸ ਪੰਨੇ ਰਾਹੀਂ ਦਸਤਾਵੇਜ਼ ਅਪਲੋਡ ਕਰ ਸਕਦੇ ਹਨ ਜਾਂ ਇਹ ਦਰਸਾ ਸਕਦੇ ਹਨ ਕਿ ਉਹ ਸਕੂਲ ਦਫ਼ਤਰ ਨੂੰ ਇੱਕ ਫੋਟੋਕਾਪੀ ਜਮ੍ਹਾਂ ਕਰਾਉਣਗੇ। ਦੋਵਾਂ ਮਾਮਲਿਆਂ ਵਿੱਚ, ਜਾਣਕਾਰੀ ਦਾਖਲਾ ਪ੍ਰਕਿਰਿਆ ਵਿੱਚ ਦਰਜ ਕੀਤੀ ਜਾਵੇਗੀ।	পরিবারগুলো এই পৃষ্ঠার মাধ্যমে নথি আপলোড করতে পারেন অথবা স্কুল অফিসে একটি ফটোকপি জমা দেবেন বলে জানাতে পারেন। উভয় ক্ষেত্রেই, ভর্তি প্রক্রিয়ায় তথ্যগুলো নথিভুক্ত করা হবে।	Породице могу да отпреме документа путем ове странице или да назначе да ће послати фотокопију школској канцеларији. У оба случаја, информације ће бити забележене у процесу уписа.	Obitelji mogu prenijeti dokumente putem ove stranice ili naznačiti da će dostaviti fotokopiju u školski ured. U oba slučaja, informacije će biti zabilježene u postupku upisa.	Aileler bu sayfa üzerinden belgeleri yükleyebilir veya okul ofisine fotokopi göndereceklerini belirtebilirler. Her iki durumda da bilgiler kayıt işlemine dahil edilecektir.	خانواده‌ها می‌توانند مدارک را از طریق این صفحه آپلود کنند یا اعلام کنند که یک کپی از مدارک را به دفتر مدرسه تحویل خواهند داد. در هر صورت، اطلاعات در فرآیند ثبت نام ثبت خواهد شد.	کورنۍ کولی شي د دې پاڼې له لارې اسناد اپلوډ کړي یا په ګوته کړي چې دوی به د ښوونځي دفتر ته یوه کاپي وسپاري. په دواړو حالتونو کې، معلومات به د نوم لیکنې په پروسه کې ثبت شي.	Maaaring mag-upload ng mga dokumento ang mga pamilya sa pamamagitan ng pahinang ito o magpahiwatig na magsusumite sila ng photocopy sa opisina ng paaralan. Sa alinmang kaso, ang impormasyon ay itatala sa proseso ng pagpapatala.	Rodziny mogą przesłać dokumenty za pośrednictwem tej strony lub zaznaczyć, że złożą kserokopię w sekretariacie szkoły. W obu przypadkach informacje te zostaną odnotowane w procesie rekrutacji.	Сім'ї можуть завантажувати документи через цю сторінку або вказати, що вони нададуть фотокопії до шкільної канцелярії. У будь-якому випадку інформація буде записана в процесі зарахування.	家长可以通过此页面上传文件，或选择向学校办公室提交复印件。无论哪种方式，相关信息都将被记录在入学注册过程中。	يمكن للعائلات تحميل المستندات عبر هذه الصفحة أو الإشارة إلى أنها ستقدم نسخة مصورة منها إلى مكتب المدرسة. وفي كلتا الحالتين، سيتم تسجيل المعلومات في عملية التسجيل.	اہل خانہ اس صفحہ کے ذریعے دستاویزات اپ لوڈ کرسکتے ہیں یا اس بات کی نشاندہی کرسکتے ہیں کہ وہ اسکول کے دفتر میں فوٹو کاپی جمع کرائیں گے۔ دونوں صورتوں میں، معلومات کو اندراج کے عمل میں ریکارڈ کیا جائے گا۔
privacy_storage_title	Conservazione	Titolo sezione privacy.	Conservation	Conservation	Erhaltung	Conservación	Conservação	Сохранение	Ruajtja	Conservare	संरक्षण	ਸੰਭਾਲ	সংরক্ষণ	Заштита	Očuvanje	Koruma	حفاظت	ساتنه	Konserbasyon	Ochrona	Збереження	保护	حفظ	تحفظ
privacy_storage_text	I documenti vengono conservati per il tempo necessario alla gestione della pratica di iscrizione e secondo i tempi previsti dagli obblighi amministrativi e dalla normativa scolastica applicabile.	Testo sezione privacy.	Documents are retained for the time necessary to process the enrollment process and in accordance with the timeframes established by administrative obligations and applicable school regulations.	Les documents sont conservés pendant la durée nécessaire au traitement de la procédure d'inscription et conformément aux délais établis par les obligations administratives et la réglementation scolaire applicable.	Die Unterlagen werden so lange aufbewahrt, wie es für die Bearbeitung des Einschreibungsprozesses erforderlich ist, und zwar in Übereinstimmung mit den durch administrative Verpflichtungen und geltende Schulbestimmungen festgelegten Fristen.	Los documentos se conservan durante el tiempo necesario para tramitar el proceso de matriculación y de acuerdo con los plazos establecidos por las obligaciones administrativas y la normativa escolar aplicable.	Os documentos são retidos pelo tempo necessário para processar a matrícula e de acordo com os prazos estabelecidos pelas obrigações administrativas e regulamentos escolares aplicáveis.	Документы хранятся в течение времени, необходимого для обработки процесса зачисления, и в соответствии со сроками, установленными административными обязанностями и действующими правилами школы.	Dokumentet ruhen për kohën e nevojshme për të përpunuar procesin e regjistrimit dhe në përputhje me afatet kohore të përcaktuara nga detyrimet administrative dhe rregulloret përkatëse të shkollës.	Documentele sunt păstrate pe durata necesară procesării procesului de înscriere și în conformitate cu termenele stabilite de obligațiile administrative și de regulamentele școlare aplicabile.	नामांकन प्रक्रिया को पूरा करने के लिए आवश्यक समय तक और प्रशासनिक दायित्वों तथा लागू विद्यालय नियमों द्वारा निर्धारित समय-सीमा के अनुसार दस्तावेजों को सुरक्षित रखा जाता है।	ਦਸਤਾਵੇਜ਼ਾਂ ਨੂੰ ਦਾਖਲਾ ਪ੍ਰਕਿਰਿਆ ਨੂੰ ਪੂਰਾ ਕਰਨ ਲਈ ਲੋੜੀਂਦੇ ਸਮੇਂ ਲਈ ਅਤੇ ਪ੍ਰਬੰਧਕੀ ਜ਼ਿੰਮੇਵਾਰੀਆਂ ਅਤੇ ਲਾਗੂ ਸਕੂਲ ਨਿਯਮਾਂ ਦੁਆਰਾ ਸਥਾਪਿਤ ਸਮਾਂ-ਸੀਮਾਵਾਂ ਦੇ ਅਨੁਸਾਰ ਰੱਖਿਆ ਜਾਂਦਾ ਹੈ।	ভর্তি প্রক্রিয়া সম্পন্ন করার জন্য প্রয়োজনীয় সময় পর্যন্ত এবং প্রশাসনিক বাধ্যবাধকতা ও প্রযোজ্য বিদ্যালয় বিধিমালা দ্বারা নির্ধারিত সময়সীমা অনুযায়ী নথি সংরক্ষণ করা হয়।	Документи се чувају онолико времена колико је потребно за обраду процеса уписа и у складу са временским роковима утврђеним административним обавезама и важећим школским прописима.	Dokumenti se čuvaju onoliko dugo koliko je potrebno za obradu postupka upisa i u skladu s rokovima utvrđenim administrativnim obvezama i važećim školskim propisima.	Belgeler, kayıt işleminin tamamlanması için gerekli süre boyunca ve idari yükümlülükler ile ilgili okul yönetmeliklerinde belirtilen süreler doğrultusunda saklanır.	مدارک برای مدت زمان لازم جهت انجام مراحل ثبت نام و مطابق با بازه‌های زمانی تعیین شده توسط تعهدات اداری و مقررات مربوط به مدرسه، نگهداری می‌شوند.	اسناد د نوم لیکنې پروسې د ترسره کولو لپاره اړین وخت لپاره او د اداري مکلفیتونو او د ښوونځي د پلي کیدو وړ مقرراتو لخوا ټاکل شوي وخت چوکاټ سره سم ساتل کیږي.	Ang mga dokumento ay itinatago sa loob ng panahong kinakailangan upang maproseso ang proseso ng pagpapatala at alinsunod sa mga takdang panahon na itinakda ng mga obligasyong administratibo at mga naaangkop na regulasyon ng paaralan.	Dokumenty przechowywane są przez czas niezbędny do realizacji procesu rekrutacyjnego oraz zgodnie z terminami ustalonymi przez obowiązki administracyjne i obowiązujące przepisy szkolne.	Документи зберігаються протягом часу, необхідного для обробки процесу зарахування, та відповідно до термінів, встановлених адміністративними зобов'язаннями та чинними шкільними правилами.	文件将保留至完成入学手续所需的时间，并遵守行政义务和适用的学校规章制度规定的时间期限。	يتم الاحتفاظ بالوثائق للمدة اللازمة لمعالجة عملية التسجيل ووفقًا للأطر الزمنية المحددة بموجب الالتزامات الإدارية واللوائح المدرسية المعمول بها.	دستاویزات کو اندراج کے عمل پر کارروائی کرنے کے لیے ضروری وقت کے لیے اور انتظامی ذمہ داریوں اور قابل اطلاق اسکول کے ضوابط کے ذریعے قائم کردہ ٹائم فریم کے مطابق رکھا جاتا ہے۔
privacy_contacts_title	Contatti	Titolo sezione privacy.	Contacts	Contacts	Kontakte	Contactos	Contatos	Контакты	Kontaktet	Contacte	संपर्क	ਸੰਪਰਕ	যোগাযোগ	Контакти	Kontakti	İletişim	مخاطبین	اړیکې	Mga Kontak	Łączność	Контакти	联系方式	جهات الاتصال	رابطے
privacy_contacts_text	Per chiarimenti sulla procedura o sui documenti richiesti è possibile contattare la segreteria didattica dell'istituto.	Testo sezione privacy.	For clarifications on the procedure or required documents, please contact the school's academic office.	Pour toute précision concernant la procédure ou les documents requis, veuillez contacter le bureau des affaires académiques de l'établissement.	Bei Fragen zum Verfahren oder zu den benötigten Dokumenten wenden Sie sich bitte an das akademische Büro der Schule.	Para cualquier aclaración sobre el procedimiento o la documentación requerida, póngase en contacto con la secretaría académica de la escuela.	Para esclarecimentos sobre o procedimento ou os documentos necessários, entre em contato com a secretaria acadêmica da escola.	Для получения разъяснений по процедуре или необходимым документам, пожалуйста, свяжитесь с учебным отделом школы.	Për sqarime mbi procedurën ose dokumentet e kërkuara, ju lutemi të kontaktoni zyrën akademike të shkollës.	Pentru clarificări privind procedura sau documentele necesare, vă rugăm să contactați secretariatul academic al școlii.	प्रक्रिया या आवश्यक दस्तावेजों के बारे में स्पष्टीकरण के लिए, कृपया स्कूल के शैक्षणिक कार्यालय से संपर्क करें।	ਪ੍ਰਕਿਰਿਆ ਜਾਂ ਲੋੜੀਂਦੇ ਦਸਤਾਵੇਜ਼ਾਂ ਬਾਰੇ ਸਪਸ਼ਟੀਕਰਨ ਲਈ, ਕਿਰਪਾ ਕਰਕੇ ਸਕੂਲ ਦੇ ਅਕਾਦਮਿਕ ਦਫ਼ਤਰ ਨਾਲ ਸੰਪਰਕ ਕਰੋ।	কার্যপ্রণালী বা প্রয়োজনীয় কাগজপত্র সম্পর্কে স্পষ্টীকরণের জন্য বিদ্যালয়ের একাডেমিক দপ্তরে যোগাযোগ করুন।	За појашњења о процедури или потребној документацији, обратите се академској канцеларији школе.	Za pojašnjenja o postupku ili potrebnoj dokumentaciji obratite se akademskoj službi škole.	İşlem prosedürü veya gerekli belgeler hakkında bilgi almak için lütfen okulun akademik ofisiyle iletişime geçin.	برای کسب اطلاعات بیشتر در مورد مراحل یا مدارک مورد نیاز، لطفاً با دفتر آموزشی مدرسه تماس بگیرید.	د طرزالعمل یا اړینو اسنادو په اړه د وضاحت لپاره، مهرباني وکړئ د ښوونځي اکاډمیک دفتر سره اړیکه ونیسئ.	Para sa mga paglilinaw sa proseso o mga kinakailangang dokumento, mangyaring makipag-ugnayan sa akademikong tanggapan ng paaralan.	Aby uzyskać wyjaśnienia dotyczące procedury lub wymaganych dokumentów, prosimy o kontakt z dziekanatem wydziału.	Для отримання роз'яснень щодо процедури або необхідних документів, будь ласка, зверніться до академічного офісу школи.	有关流程或所需文件的任何疑问，请联系学校教务处。	للحصول على توضيحات بشأن الإجراءات أو المستندات المطلوبة، يرجى الاتصال بالمكتب الأكاديمي للمدرسة.	طریقہ کار یا مطلوبہ دستاویزات کی وضاحت کے لیے، براہ کرم اسکول کے تعلیمی دفتر سے رابطہ کریں۔
privacy_back	Torna alla pagina di iscrizione	Link ritorno dalla privacy.	Return to the registration page	Retour à la page d'inscription	Zurück zur Registrierungsseite	Regresar a la página de registro	Voltar à página de inscrição	Вернуться на страницу регистрации	Kthehu te faqja e regjistrimit	Reveniți la pagina de înregistrare	पंजीकरण पृष्ठ पर वापस जाएँ	ਰਜਿਸਟ੍ਰੇਸ਼ਨ ਪੰਨੇ 'ਤੇ ਵਾਪਸ ਜਾਓ।	নিবন্ধন পৃষ্ঠায় ফিরে যান	Вратите се на страницу за регистрацију	Povratak na stranicu za registraciju	Kayıt sayfasına geri dön	بازگشت به صفحه ثبت نام	د نوم لیکنې پاڼې ته بیرته راشئ	Bumalik sa pahina ng pagpaparehistro	Powrót do strony rejestracji	Повернутися на сторінку реєстрації	返回注册页面	العودة إلى صفحة التسجيل	رجسٹریشن کے صفحے پر واپس جائیں۔